file	source	lines	branches	covered lines	covered branches
crates/rig-agent/src/agent/builder.rs	f63be423cfbd8d52	480/503	12/14	48-60,63,68-69,77-83,85-88,90,92-93,96,155-158,161-164,167-170,173-176,179-186,189-196,200-203,205-215,219-232,235-238,241-244,247-250,255-258,261-264,267-270,277-280,286-289,295-298,304-307,313-316,322-326,332-335,341-344,350-353,366-369,379-382,393-400,404-407,419-422,425-427,429-431,434-437,440-443,447-449,451-457,460-465,468-471,475-487,491-503,509-512,517-519,524-525,537-540,543-545,547-549,551-565,567,574-579,590-591,596-611,614-620,622,624-628,630,633-635,637-639,642-658,660,664-668,671-678,684-686,690-699,701,709-718,720,722,725-729,731-747,750-755,757-759,762-764,766-767,770-772,777-779,782-784,787-795,797-799,817-819,823,825-850,853-855,857-858,861-863,866-868,871-874,876-877,892,895-896	60.0.0,63.0.0,633.0.0,633.0.1,634.0.0,634.0.1,656.0.0,656.0.1,658.0.0,658.0.1,665.0.0,665.0.1
crates/rig-agent/src/agent/completion.rs	8fb013ad5bf3d1e2	315/321	14/18	57-67,69-74,78-82,84-85,87-88,91,93,95-101,103,106-113,118,120-122,125-129,131,133-142,150-156,158-159,162-168,175-176,179-183,281-307,310-312,316-321,323,330-333,336,339-346,349-355,362,364-372,374-381,383-384,386,392-394,401-403,406-408,411-413,415-417,421-423,426-431,434-437,444-445,449-457,461-464,470-477,483-485,488-491,494-500,506,508-511,513-529,535-541,544-546,549-551,554-556,562,564-585,588,594-599,633-635,679-681,694-698,704,724-726,728-729	100.0.0,100.0.1,128.0.0,128.0.1,155.0.0,155.0.1,162.0.0,162.0.1,162.1.3,162.2.5,167.0.0,179.0.0,516.0.0,516.0.1
crates/rig-agent/src/agent/drive.rs	5cbff543dd331f2a	251/273	24/30	37-39,49-51,55-57,91-107,110-112,118-123,125,131-136,138-148,153-163,165-167,169-171,174-176,180-182,187-189,192-194,197-201,206-216,218,220-222,226-237,239,241-242,247-257,261-262,265-275,277,281-288,294-295,306-307,332-336,341-343,345,347-349,351-355,357,362-364,366-372,377-379,381,383,386,389-400,403-404,410-412,415-416,418-420,423,426,429,435,439,454-456,458-465,467,469,471,473-479,483-485,487,490-500	119.0.0,119.0.1,125.0.0,262.0.0,295.0.1,342.0.0,342.0.1,351.0.0,351.0.1,351.1.2,351.1.3,363.0.0,363.0.1,367.0.0,367.0.1,391.0.0,391.0.1,394.0.0,394.0.1,395.0.0,395.0.1,412.0.0,426.0.0,465.0.1
crates/rig-agent/src/agent/engine.rs	0340a429ba693bdf	947/959	59/66	137-143,148-158,160,315,384,402,456,482-492,494-495,499-506,509-511,517-519,528-533,535-542,544-550,553-558,560,562-564,566-571,573,576-579,588-592,594-598,600-602,605-608,610,615-616,619-623,625-627,655-673,678-689,695-701,703-1079,1081-1083,1085-1094,1096,1099-1102,1107-1116,1120-1123,1125,1155-1173,1178-1180,1185-1206,1208,1210,1222-1236,1238,1240-1242,1244,1251-1256,1259-1273,1275-1279,1284,1287,1294-1308,1311,1313-1316,1318,1321,1351-1359,1361-1365,1367-1369,1372-1375,1379-1380,1382-1383,1387,1392-1397,1401-1409,1411-1416,1437-1442,1450-1455,1458-1462,1464-1471,1473-1575,1577-1582,1586-1592,1594,1597-1598,1619-1630,1634-1636,1638-1640,1642-1644,1647-1648,1651-1662,1664-1665,1667-1669,1671-1678,1681-1684,1686-1687,1689-1690,1696-1697,1701-1703,1709-1711,1715,1717,1719-1724	138.0.0,138.0.1,535.0.0,535.0.1,560.0.0,560.0.1,562.0.0,562.0.1,566.0.0,566.0.1,569.0.0,577.0.0,591.0.0,591.0.1,594.0.0,594.0.1,594.1.2,594.1.3,600.0.0,600.0.1,605.0.0,605.0.1,621.0.0,685.0.0,685.0.1,685.1.2,685.1.3,1091.0.0,1091.0.1,1101.0.0,1101.0.1,1163.0.0,1163.0.1,1179.0.0,1367.0.0,1367.0.1,1379.0.0,1379.0.1,1380.0.1,1402.0.0,1402.0.1,1413.0.0,1413.0.1,1458.0.0,1458.0.1,1488.0.0,1488.0.1,1489.0.0,1586.0.0,1586.0.1,1587.0.0,1587.0.1,1639.0.0,1639.0.1,1667.0.0,1696.0.0,1696.0.1,1701.0.0,1701.0.1
crates/rig-agent/src/agent/engine/dispatch.rs	7ec9c13c5dfee771	177/191	4/6	26-46,49,51-53,56-58,61-79,107-152,157-158,162-165,168-171,175-182,185,190-199,201-206,208-209,211-212,217-227,229-231,237-246,251-258,265,268-273,281-283,285,287,289	158.0.1,196.0.0,196.0.1,265.0.0
crates/rig-agent/src/agent/engine/projection.rs	05e5b194e4442df7	30/30	4/4	18-20,29-49,51-53,57-59	42.0.0,42.0.1,48.0.0,48.0.1
crates/rig-agent/src/agent/hook.rs	43de7d1bac43fd95	623/707	24/24	64-68,71-73,75-76,79-81,83-84,95-97,99-100,105-107,109-113,148-164,171-177,180-185,189-194,198-203,205,207-209,213-214,220,227-232,254-259,262-267,270-272,275-277,280-282,285-287,290-292,299-307,309-318,322-330,333-341,463-465,469-471,474-476,479-481,545-547,550-552,555-557,625-628,631-632,635,672-688,690-696,700-702,705-707,710-712,715-717,720-722,726-732,734,747-750,752,755-758,760,804-806,809-811,818-820,825-830,832,835-837,842-845,847,850-852,855-858,860,863-866,868,871-874,876,895-897,900-902,908-910,926-928,931-933,936-938,952-954,957-959,966-968,976-982,987-993,1006-1012,1018-1024,1030-1036,1053-1059,1064-1070,1077-1083,1091-1097,1110-1116,1129-1135,1141-1143,1150,1154-1156,1204-1210,1249-1255,1257-1263,1265-1267,1269-1289,1291-1293,1320-1326,1328,1332-1334,1337-1341,1345,1348-1352,1355-1356,1359-1361,1364-1366,1384-1386,1391-1393,1398-1407,1409-1410,1420-1422,1428-1438,1441-1442,1444-1446,1448,1450-1465,1467-1470,1473-1474,1476-1488,1491,1494-1496,1498,1506-1514,1516-1538,1540,1543-1546,1550-1551,1553-1570,1574-1575,1577-1579,1627-1632,1635-1637,1657-1664,1669-1671	676.0.0,676.0.1,686.0.0,686.0.1,688.0.0,688.0.1,1405.0.0,1405.0.1,1495.0.0,1495.0.1,1512.0.0,1512.0.1,1522.0.0,1522.0.1,1532.0.0,1532.0.1,1533.0.0,1533.0.1,1543.0.0,1543.0.1,1557.0.0,1557.0.1,1567.0.0,1567.0.1
crates/rig-agent/src/agent/runner.rs	6f6dfdbaf98d1d8a	409/422	10/14	95-97,100-102,104-121,124-134,138-141,152-154,156-158,165-168,176-180,185-193,196-199,203-206,208-210,213-216,219-222,225-228,231-234,237-240,243-246,249-252,255-258,265-272,274-275,281-284,288-291,304-307,313-316,322-325,331-334,340-343,349-353,359-362,368-371,378-380,386-389,401-404,417-419,422-425,428-431,442-445,457-460,470-473,485-488,491-495,499-502,509-512,515-549,551-553,560-563,565-575,577-580,582-584,586,592-604,607-608,612-618,621-626,628-629,640-643,646,648,650,652-660,665-676,678-679,681-683,685,688,692-696,698,704-706,710-713,715-718,721-723,728-732,735-749,755,758-766,768-776,779-780,784,789-791,799-801,819-822,827,830,849	271.0.0,621.0.0,621.0.1,622.0.0,623.0.0,736.0.0,736.0.1,772.0.0,772.0.1,779.0.1
crates/rig-agent/src/agent/streaming.rs	39795705b8249cd6	124/140	10/12	134-139,141,147-152,183,187-188,191-193,199-200,205-206,208-209,211-212,214-217,220-222,225-226,244,248-253,256-263,265-270,272-273,276,278-279,311-313,316-318,324-329,358-364,368-376,379-380,383-390,392-395,399,404-406,433-439,441,444-445,448,451-452,454,462,466	373.0.0,373.0.1,379.0.1,385.0.0,385.0.1,393.0.0,393.0.1,393.1.2,393.1.3,438.0.0
crates/rig-agent/src/agent/telemetry.rs	0028b9cf4b64739f	18/18	2/2	29-39,43,53,55,57,61-62,73	35.0.0,35.0.1
crates/rig-agent/src/agent/tool.rs	f6b94cad5dfce115	30/36	0/0	37-44,53-54,56-57,59-67,73-80,82	
crates/rig-agent/src/agent/typed.rs	66fde9e191e5a3a6	123/129	15/16	61-69,81-83,86-88,124-126,128-130,135-138,140,142-149,154-157,159-162,164,166,168-170,172-174,178-189,191-193,196-200,203-204,209-210,214-219,221,223-225,228,232-233,235-238,241-244,247-248,251,253-258,262-270,272-275,278,287,291-294	173.0.0,173.0.1,199.0.0,199.0.1,221.0.1,232.0.0,232.0.1,233.0.0,233.0.1,237.0.0,237.0.1,243.0.0,243.0.1,269.0.0,269.0.1
crates/rig-agent/src/bus/dispatcher.rs	b1e33a4ba555e6cb	699/748	67/76	69-71,75-77,103-119,124-128,130,132,143-145,147-154,159-164,166,169-181,186-197,200-207,209-227,231,233-242,246-252,255-261,263-265,267-272,274-276,278-280,285-316,321-327,329-339,342-351,353-359,374-391,394-401,404-411,413,416,419-434,436-438,441-449,451-464,466-468,470-471,474-480,482-489,493-497,499,517-523,525-531,533-534,536-542,544-545,549,552-556,559,576-578,581-583,591-596,599,601,642-651,653,677-686,690-703,707-709,713-717,720-722,726-733,736-738,742,744-747,760-762,766-768,778-780,789-794,796-805,807,809-846,850-863,867-869,876-881,883-884,886-891,893,895-944,948-950,953-955,958-960,965-967,971-973,977-979,982-984,986-989,993-994,999-1001,1003-1006,1008-1009,1011-1013,1020,1049-1052,1056-1059,1063-1066,1093-1095,1099-1101,1104-1106,1118-1119,1121-1126,1132-1136,1138-1140,1142-1143,1145,1148-1149,1154-1156,1158,1164,1199-1201,1220-1221,1223-1227,1229-1235,1242-1246,1248-1251,1262,1269-1272,1275-1276,1278-1284,1288-1292,1295,1302	126.0.0,126.1.2,126.1.3,192.0.0,192.0.1,195.0.0,195.0.1,202.0.0,202.0.1,202.1.2,202.1.3,207.0.1,210.0.0,210.0.1,211.0.0,211.0.1,223.0.0,223.0.1,268.0.0,268.0.1,295.0.0,295.0.1,297.0.0,297.0.1,336.0.0,336.0.1,351.0.1,446.0.0,446.0.1,452.0.0,452.0.1,460.0.0,460.0.1,461.0.0,461.0.1,495.0.0,495.0.1,527.0.0,527.0.1,528.0.0,528.0.1,538.0.0,538.0.1,539.0.0,539.0.1,553.0.0,553.0.1,592.0.0,592.0.1,596.0.1,744.0.0,744.0.1,819.0.0,819.0.1,902.0.0,902.0.1,1012.0.0,1123.0.0,1123.0.1,1126.0.0,1231.0.0,1231.0.1,1235.0.0,1262.0.0,1290.0.0,1290.0.1,1292.0.1
crates/rig-agent/src/bus/driver.rs	df2063de746057b8	314/348	62/78	46-48,50-52,87-99,103-109,112-120,124-132,138-141,144-148,152-157,161-172,175-177,179-186,189,195-197,199-211,213-214,217-219,222-224,227-229,233,235-254,258,262-264,266-270,272-276,278-289,291,293-296,298-306,310-312,314-315,318,320,322-323,327,329-331,333,337-338,340-342,347-348,351-354,356-357,359-364,367-372,374-376,378-379,382-391,395-396,398-405,407-412,414-417,419-421,423,425-431,435,439-453,456,469-471,477-478,480,483-489,492-495,498,500-508,512-519,521,525,528-531	132.0.1,162.0.0,162.0.1,248.0.0,248.0.1,252.0.0,252.0.1,258.0.0,262.0.0,262.0.1,274.0.0,274.0.1,278.0.0,278.0.1,281.0.0,281.0.1,304.0.0,305.0.0,305.0.1,312.0.1,320.0.1,323.0.0,331.0.1,331.1.3,338.0.1,341.0.0,354.0.1,357.0.1,367.0.0,367.0.1,367.1.2,379.0.1,383.0.0,383.0.1,383.1.2,383.1.3,396.0.0,396.0.1,409.0.0,409.0.1,415.0.0,415.0.1,419.0.0,419.0.1,440.0.0,440.0.1,440.1.2,440.1.3,450.0.0,480.0.0,480.0.1,492.0.0,492.0.1,500.0.1,500.1.2,500.1.3,513.0.0,513.0.1,516.0.0,516.0.1,516.1.2,516.1.3
crates/rig-agent/src/bus/handle.rs	af68624bcb740b60	282/363	6/6	82-84,89-93,96-98,100-102,106-109,111,114-121,123,126,132,135-149,154-156,160-173,176,201-203,220-225,227,279-284,286-296,298,306-308,320-322,330,333-335,345,348-350,354-361,363,365-373,375,377,382-384,388-395,397,399-411,413-414,419-421,429,434-443,447-452,454-460,465-469,473,475,478-489,493,495,498-502,506,508,513-525,530,532,537,541-547,549,573-575,583,586-588,596,599-601,609,625-628,638-643,645,648-650,658,663-665,673,676-678,686,689-698,703-705,732-734	135.0.0,135.0.1,141.0.0,141.0.1,166.0.0,166.0.1
crates/rig-agent/src/bus/mod.rs	314acdc9f516204c	21/23	0/0	50-52,55-62,67-76	
crates/rig-agent/src/bus/registrar.rs	126e1dc4d47d9fd5	114/124	12/12	28-35,37,40-41,72-80,82-87,90-99,102-106,108-117,119-123,126-129,133-137,139-140,144-148,150-151,179-185,188-194,199-212,217-219,223-225,228-230,240-242	94.0.0,94.0.1,102.0.0,102.0.1,112.0.0,112.0.1,119.0.0,119.0.1,136.0.0,136.0.1,207.0.0,207.0.1
crates/rig-agent/src/extractor.rs	2a0b2b0f56d25b02	51/65	0/0	78-79,84-85,103,106-108,117-119,125-140,146-151,174-177,179-181,184-187,190-196	
crates/rig-agent/src/integrations/cli_chatbot.rs	7be2a0ca40cebfbe	0/133	0/0		
crates/rig-agent/src/lib.rs	bea121e5c4e0a83c	0/12	0/0		
crates/rig-agent/src/run/batch.rs	2c91195df40d23b1	50/51	4/4	23-27,29,40-58,61-65,67,69,71,75-81,84-93	26.0.0,26.0.1,62.0.0,62.0.1
crates/rig-agent/src/run/calls.rs	dbeb6f8cf7a4e950	45/48	0/0	31-33,36-38,41-43,46-48,52-59,92-94,102-108,110-112,118-125,162-164,171	
crates/rig-agent/src/run/committed.rs	74068a6011bd0f6c	29/30	0/0	15-17,19-21,25-27,30,36-38,72-77,79-88	
crates/rig-agent/src/run/mod.rs	7fa764f1c60e1d60	917/979	117/138	124-126,133-139,141-143,145-146,151-168,171-179,182-185,235-238,240,244,246-250,358-361,363-365,367,406-430,436-440,449-460,463-465,468-470,473-475,478-480,485-487,494-496,499-502,508-511,518-526,531-533,538-540,546-550,555-558,563-566,570-573,585-588,594-596,601-605,608-610,613-615,618-620,623-625,629-631,634-636,642-644,649-653,656-657,661,663-665,669-677,684,688-693,708-710,719-723,725-732,735-737,744-748,753-755,757-758,761-763,769-771,774,780-782,786-788,792-798,801-802,805-810,815-816,819,821-828,853-854,857-860,862-872,874,876-881,886-895,899-903,905-906,908-914,916-920,924-929,931-943,945-960,964-971,973-976,978-990,992-994,996,998,1000-1001,1004-1005,1009-1015,1017-1021,1023,1026-1029,1031-1034,1042-1044,1046,1053-1058,1060-1067,1069,1071-1072,1074-1084,1086-1087,1091-1105,1110-1117,1122-1137,1143-1154,1156-1159,1161,1163-1170,1175-1181,1184-1194,1200-1213,1215-1216,1219-1221,1223,1226-1229,1231,1236-1240,1257-1262,1264,1271-1277,1279-1283,1285-1289,1292-1294,1296-1305,1307-1311,1316-1321,1324,1329-1330,1332,1334,1336,1340-1342,1345,1350,1352-1356,1360-1362,1373-1378,1381-1383,1385-1389,1391-1395,1397-1398,1400,1402-1403,1405-1407,1410-1417,1424-1426,1429-1431,1434-1436,1438-1441,1443,1445-1446,1451-1453,1459,1463-1469,1471,1473,1477-1480,1485,1488-1494,1496,1500-1506,1508,1510-1514,1524-1533,1536-1540,1542-1543,1547-1555,1557,1559,1566-1572,1576-1584,1586-1592,1594-1595,1597-1602,1605,1610-1613,1619-1628,1632-1635,1644-1649,1651,1653-1655,1657-1666,1669-1675,1677-1678,1682-1692,1696-1700,1702-1703,1707-1709,1715,1717-1719,1731-1745,1747-1749,1758-1761,1784-1799,1801,1803-1807,1810-1811	238.0.0,360.0.0,360.0.1,437.0.0,437.0.1,454.0.0,454.0.1,455.0.0,455.0.1,539.0.0,539.0.1,602.0.0,602.0.1,651.0.0,651.0.1,657.0.0,661.0.1,684.0.1,684.1.3,689.0.0,719.0.0,719.0.1,754.0.0,754.0.1,802.0.0,816.0.0,858.0.0,858.0.1,859.0.0,859.0.1,860.0.0,890.0.0,890.0.1,891.0.0,891.0.1,899.0.0,899.0.1,900.0.0,900.0.1,901.0.0,901.0.1,902.0.0,902.0.1,914.0.0,914.0.1,924.0.0,924.0.1,925.0.0,925.0.1,931.0.0,950.0.0,950.0.1,950.1.2,950.1.3,954.0.0,992.0.0,992.0.1,998.0.0,998.0.1,1009.0.0,1009.0.1,1010.0.0,1010.0.1,1011.0.0,1011.0.1,1012.0.0,1012.0.1,1054.0.0,1054.0.1,1152.0.0,1152.0.1,1157.0.0,1157.0.1,1212.0.0,1212.0.1,1220.0.0,1220.0.1,1228.0.0,1228.0.1,1236.0.0,1236.0.1,1264.0.0,1285.0.0,1297.0.0,1299.0.0,1345.0.1,1377.0.0,1377.0.1,1392.0.0,1392.0.1,1398.0.0,1398.0.1,1403.0.0,1434.0.0,1466.0.0,1466.0.1,1469.0.0,1469.0.1,1477.0.0,1477.0.1,1500.0.0,1500.0.1,1502.0.0,1502.0.1,1536.0.0,1536.0.1,1627.0.0,1645.0.0,1645.0.1,1654.0.0,1654.0.1,1657.0.0,1657.0.1,1688.0.0,1742.0.0,1742.0.1,1745.0.1
crates/rig-agent/src/run/patch.rs	52dfcf4678ae842c	84/84	16/18	47-50,54,56,58,62-64,67-70,73-76,79-82,85-88,91-94,96-98,104-107,110-112,114-116,119-122,125-127,129-131,134-143,149-153,155,157-164,166-169,172,174-175	135.0.0,135.0.1,136.0.0,136.0.1,137.0.0,137.0.1,138.0.0,138.0.1,139.0.0,139.0.1,140.0.0,140.0.1,141.0.0,141.0.1,152.0.0,152.1.2
crates/rig-agent/src/run/policy.rs	21b341d8f4b284cd	157/157	16/16	40-44,48-51,53,55-62,64,118-120,131-137,141-151,153,155,157-159,162,165-183,185,188,190-191,196-198,200-206,209-211,215-217,220-222,226-228,232-234,237-239,242-253,257-259,261,263,267-286,332-334,337-341,344-348,351-355,358-362	149.0.0,149.0.1,158.0.0,158.0.1,158.1.2,158.1.3,168.0.0,168.0.1,176.0.0,176.0.1,178.0.0,178.0.1,196.0.0,196.0.1,258.0.0,258.0.1
crates/rig-agent/src/run/prepare.rs	67d83b3011c06032	179/181	35/38	44-46,100-114,116,124-151,154-156,158-159,161,163,167-168,172-176,178-184,187-188,192-198,201-202,204-209,213-214,218-219,221-226,230-231,233,239,241-245,247-251,253-257,262-268,270,273-275,278-281,283,285-288,290,293-296,299-304,306-320,326-340,342,344,346,348	158.0.0,158.1.2,173.0.0,173.0.1,174.0.0,174.0.1,201.0.0,201.0.1,201.1.2,218.0.0,218.0.1,219.0.0,219.0.1,230.0.0,230.0.1,231.0.0,231.0.1,244.0.0,244.0.1,265.0.0,265.0.1,273.0.0,273.0.1,294.0.0,294.0.1,333.0.0,333.0.1,339.0.0,339.0.1,342.0.0,342.0.1,342.1.2,342.1.3,342.2.4,342.2.5
crates/rig-agent/src/run/response.rs	fc0254cff4e9e2d4	174/182	2/2	47-56,59-63,66-69,72-77,143-145,148-149,151,153,157-159,165-167,170-179,187-190,193-196,200-203,206-209,212-214,218-220,223-225,228-230,234-236,240-242,248-250,253-255,262-276,279-284,348-351,353,361-363,365,367,370-374,376,378,381-384,387,390-396,398,401-403,405,407,420-425,443-446,451-455,458-460,466-468,472-474,480-482,489-491	269.0.0,269.0.1
crates/rig-agent/src/run/spec.rs	51ff80e28031104f	28/28	0/0	92-113,116-118,122-124	
crates/rig-agent/src/run/streamed.rs	fc149b3d7c0f0373	226/228	23/26	27,29-31,33-37,75-90,92-103,108-112,114-115,118-126,243-245,252-253,259-271,276-278,281-283,286-288,291-295,298-302,309-320,323-325,330-331,334-337,339-344,347,349,351-360,362-363,365,368-376,378,382-383,385-395,398,401,406-410,414-423,425,427-428,431,436-445,450-466,468-470,472-478,482-494	29.0.0,29.0.1,33.0.0,33.0.1,99.0.0,99.0.1,115.0.0,244.0.0,244.0.1,313.0.0,313.0.1,323.0.0,323.0.1,362.0.0,362.0.1,375.0.0,375.0.1,386.0.0,386.0.1,410.0.0,417.0.0,461.0.0,461.0.1
crates/rig-agent/src/run/transcript.rs	450225b1299ccdcc	37/37	4/4	17-23,26-32,36-44,46-47,51-56,60-65	52.0.0,52.0.1,61.0.0,61.0.1
crates/rig-agent/src/tool/catalog.rs	5985e1e0bd37530c	58/64	0/0	48-55,58-61,64-66,69-71,74-76,79-81,84-86,94-96,105-115,118-120,123-127,130-138	
crates/rig-agent/src/tool/registry.rs	59c02cb7c436127a	278/313	3/4	54-56,58-63,65,69-71,73-76,78-85,88-91,95-96,98-102,113,122-133,137-139,141-155,159-162,165-167,171-173,176-178,181-183,196-198,201-203,210-211,213-222,225-227,232,234,246-251,266-269,274-284,286-288,291-295,306-308,310-315,318-324,327-329,332-334,336-337,340-342,346-348,350-351,354-356,358-362,364-372,375-377,380-384,387-392,395-397,400-404,407-409,412-414,422-426,429-436,439-445,447,450-455,459-469,472-478,489-496,499-511	97.0.0,365.0.0,365.0.1
crates/rig-agent/src/tool/server.rs	d0cf3efa04a21c1d	490/515	35/40	66-68,73-76,105-109,111-115,117-123,125-129,133-143,145-152,154-161,163-165,168-169,173-175,177,182-207,209-214,216-222,224-226,228-229,231-242,245-251,273-280,287-290,293-296,299-302,305-307,310-313,317-320,322-331,335-350,353-385,387-389,392-393,401-403,405-407,410-412,415-417,419-423,426-428,430-431,434-436,439-441,443-445,447-448,454,456-461,464-465,467-475,477,479-480,486,488-489,492-497,500-509,516-519,522-524,526-527,530-536,538,541-545,549-558,560-564,566-574,577-580,583-586,589-591,595-600,603-609,614-619,621-623,625-642,646-650,656-662,665-669,671-675,678-688,691,693-694,708-710,712-717,719,722-723,725-726,729-737,741-748,750-751,755,757-764,783-788,790,792-802,804	67.0.0,67.0.1,73.0.0,73.0.1,134.0.0,134.0.1,149.0.0,149.0.1,156.0.0,156.0.1,173.0.0,173.0.1,186.0.0,186.0.1,198.0.0,198.0.1,238.0.0,238.0.1,448.0.1,480.0.1,489.0.1,495.0.0,495.0.1,500.0.0,500.0.1,517.0.0,517.0.1,618.0.0,618.0.1,665.0.0,665.0.1,736.0.0,736.0.1,745.0.0,750.0.0
crates/rig-bedrock/src/capture.rs	5c1f818d02ad66b0	66/77	2/2	36-41,44-49,53-56,61,69-81,84-96,109-111,113-115,123-124,127-138,141-143	91.0.0,91.0.1
crates/rig-bedrock/src/client.rs	23ab4304786ba3a1	43/43	2/4	32-35,40-43,47-52,65-70,85-87,91-93,98-100,103-116	107.0.0,110.0.0
crates/rig-bedrock/src/completion.rs	b360a26b6d2031d6	199/202	37/38	131-137,139,157-163,167-170,182-185,189-192,194,220-225,227-235,237-239,262-264,268-284,287-292,297-304,306-308,310-312,314-316,318-320,327-334,337-343,347-352,356-358,362-364,367-369,373-375,381-383,385-387,393-402,404-405,407,409,412-414,416-418,422-425,427-428,433-441,443,446-449,452-459,461-462,466-467,470,472-475,477-484,500-502	136.0.0,136.0.1,191.0.0,191.0.1,273.0.0,273.0.1,274.0.0,274.0.1,289.0.0,289.0.1,291.0.0,291.0.1,328.0.0,328.0.1,348.0.0,348.0.1,382.0.0,382.0.1,396.0.0,396.0.1,396.1.2,396.1.3,399.0.0,399.0.1,401.0.0,405.0.0,405.0.1,405.1.2,405.1.3,457.0.0,457.0.1,466.0.0,466.0.1,472.0.0,472.0.1,474.0.0,474.0.1
crates/rig-bedrock/src/embedding.rs	a69b7ca03aa762a4	91/103	1/2	68-73,99-102,104,106,108-124,126-128,132-133,137-157,161-163,180-182,184-190,196-206,208-212,214-220	212.0.1
crates/rig-bedrock/src/extension.rs	fbe226258c356bf4	80/82	12/12	53-56,59-62,66-71,75-80,84-87,92-95,132-146,148-155,157-159,184-190,193-196,260-263,265,268,270-277,279	134.0.0,134.0.1,137.0.0,137.0.1,140.0.0,140.0.1,143.0.0,143.0.1,149.0.0,149.0.1,149.1.2,149.1.3
crates/rig-bedrock/src/image.rs	254fc38e83bbec53	0/63	0/0		
crates/rig-bedrock/src/options.rs	3fff0c35c4634975	116/134	28/34	15-17,20-22,27-31,34-37,39-43,45-46,51-54,57-59,61-63,65,70,72,74,76-77,79,81,84,87-88,93,97-101,108-110,112,114,126,130,133-139,141-158,160-164,166-168,170-171,173,177,179-180,182,184,186-193,195,197-205,207	34.0.0,34.0.1,42.0.0,42.0.1,45.0.0,45.0.1,58.0.0,58.0.1,58.1.2,58.1.3,61.0.0,61.0.1,77.0.0,77.1.2,77.1.3,81.0.1,84.0.1,112.0.1,112.1.2,155.0.0,155.0.1,162.0.0,162.0.1,163.0.0,163.0.1,173.0.0,173.0.1,174.0.1
crates/rig-bedrock/src/request.rs	942a1d41f03e82e8	261/273	40/46	38-48,50,53-56,58,62-69,73-85,87-98,100-102,104-106,108,110-111,113-115,117,121,125-132,137-140,143-153,156,158-160,162-167,169-170,173,177-179,181-182,185-190,194-202,204-211,213-216,220-238,240-241,243,246-247,249-250,260,264-267,271-275,277,279-284,286,288,292-301,303-304,306-307,313-317,319,321,323-325,327-328,330,334-342,344-347,350-351,355-366,369-372,375-378,384-388,390,393-396,398-409	85.0.0,89.0.0,89.0.1,90.0.0,90.0.1,108.0.1,127.0.0,130.0.0,130.0.1,137.0.0,137.0.1,139.0.0,139.0.1,143.0.0,178.0.0,226.0.0,226.0.1,229.0.0,229.0.1,241.0.0,241.0.1,241.1.2,241.1.3,246.0.0,246.0.1,274.0.0,274.0.1,274.1.2,274.1.3,274.2.4,274.2.5,303.0.0,303.0.1,313.0.0,313.0.1,338.0.0,338.0.1,395.0.0,395.0.1,405.0.0
crates/rig-bedrock/src/streaming.rs	37580a40d103469b	313/328	35/40	48-51,55-60,63-72,74-79,81-82,85-86,90-96,99,102-110,112-119,123-127,129,133-135,139-145,148-154,156-158,165-167,170-172,174-182,184-186,188-198,200-203,205,212-217,221-228,230-236,239-249,251-254,256,261-274,276-277,279-281,283-285,288-298,301-312,314-316,318-323,325-333,335-343,345,347-350,353,361-374,376-381,383-384,386,388-401,404-410,412,422-428,430,434-448,453-455,458-465,467-468,470-471	60.0.0,82.0.0,96.0.0,102.0.0,102.0.1,112.0.0,112.0.1,126.0.0,126.0.1,145.0.0,149.0.0,149.0.1,171.0.0,171.0.1,179.0.0,179.0.1,202.0.0,213.0.0,213.0.1,227.0.0,227.0.1,280.0.0,280.0.1,297.0.0,297.0.1,335.0.0,335.0.1,337.0.0,337.0.1,389.0.0,389.0.1,397.0.0,397.0.1,467.0.0,467.0.1
crates/rig-bedrock/src/streaming/document.rs	dfb645f3f8d9a476	158/168	33/46	56-62,65,68-72,74,78-96,98,101-112,114,118-121,124-126,128,130-138,140-144,148-151,160,163-168,170-171,174,176-181,183-185,187,189-190,193-194,196-197,199-203,205,207,234-238,240,242,245-250,252-255,257-262,265-270,272,274,276-294,296,298	70.0.0,130.0.0,130.0.1,133.0.0,133.0.1,136.0.0,136.0.1,149.0.0,165.0.0,165.0.1,170.0.0,170.0.1,178.0.0,178.0.1,184.0.0,184.0.1,200.0.0,200.0.1,242.0.0,248.0.0,253.0.0,258.0.0,266.0.0,277.0.0,277.0.1,281.0.0,281.0.1,284.0.0,284.0.1,289.0.0,289.0.1,293.0.0,293.0.1
crates/rig-bedrock/src/types/errors.rs	5a4acaf73f7a673e	55/55	8/8	16-24,26-28,30-34,38-47,49,55-58,64-74,76-79,81,83,86-91	71.0.0,71.0.1,71.1.2,71.1.3,76.0.0,76.0.1,86.0.0,86.0.1
crates/rig-bedrock/src/types/text_to_image.rs	6850dfaa3d0ae502	0/48	0/4		
crates/rig-candle/src/artifacts.rs	295231c79290bbe8	5/5	2/2	44-46,48,50	45.0.0,45.0.1
crates/rig-candle/src/extension.rs	acd715b2270348a4	15/15	0/0	49-52,55-58,61-64,112-114	
crates/rig-candle/src/generation.rs	9ecea7c569b03217	374/433	51/66	36-46,61-63,65-69,73-77,79,95-115,117-132,134-139,141-151,153-155,157-170,176,178-196,200-201,203-210,214,216-220,222-229,277-285,287-297,299-300,302-308,313-314,320,322-324,354-358,366-367,371-376,378,382,385-388,390-399,401-406,410-414,416-417,422-432,437-440,442-461,463-464,466-468,470-474,476-480,483-485,487-490,492-493,495-504,507-508,510-511,513,515,518,521,524-528,531,533-545,547-549,552-554,556-561,563-566,568-573,575-576,579,581-590,592,594-598,628-637,652,654-659,661,672-673	121.0.0,121.0.1,126.0.0,126.0.1,126.1.3,131.0.0,131.0.1,132.0.1,132.1.2,132.1.3,138.0.0,138.0.1,139.0.0,139.1.2,139.1.3,139.2.4,145.0.1,145.1.2,145.1.3,154.0.0,154.0.1,183.0.0,183.0.1,190.0.0,190.0.1,204.0.0,204.0.1,293.0.0,293.0.1,300.0.1,313.0.0,378.0.1,385.0.0,385.0.1,406.0.1,466.0.0,466.0.1,470.0.0,470.1.2,483.0.0,483.0.1,487.0.0,487.0.1,495.0.0,495.0.1,511.0.1,528.0.1,563.0.0,563.0.1,569.0.0,634.0.0
crates/rig-candle/src/loader.rs	fdc0851307271cdb	140/262	5/18	64-81,85-87,89-95,99-105,107-109,111,115-127,129-143,169,171-186,226,228-234,236-245,247-249,251-256,258-260,262,268,271-281,283-284,287-296,298	181.0.1,186.0.1,233.0.0,233.0.1,234.0.0
crates/rig-candle/src/model.rs	e93de809f57871b4	371/390	15/18	83-90,93-95,98-100,111-113,116-123,130-137,141-143,148-150,153-155,163-165,170-173,176-179,182-185,188-191,194-197,200-203,206-209,212-215,221-224,227-238,246-249,258-260,264-269,272-274,277-282,288-294,296-306,334-337,341-343,372-377,383-394,396-400,402-403,405-407,414-418,422-431,434-440,442-449,451,453-460,462,465-467,469-471,473-475,477-479,482-484,488-493,497-499,510-514,516-517,519-521,537-539,541-550,552,555-557,559-561,563-565,567-573,576-577,582-602,610-612,615-616,620-625,627-631,633,635-636,640-641,645-649,653-668,675,679-686,690-711,713-714,727	229.0.0,229.0.1,296.0.0,296.0.1,394.0.1,448.0.0,448.1.2,448.2.4,448.2.5,620.0.0,620.0.1,701.0.0,701.0.1,707.0.0,707.0.1
crates/rig-candle/src/pose.rs	ac1d4e6da2be797b	385/443	45/52	59-64,83-85,111-129,186-188,281,283-318,320,340-350,352-361,382-384,390,392-394,400,403-406,410,412,439-445,449-452,454-467,469-470,508-511,513,527-533,536-538,545-548,552-555,559-562,566-569,573-577,579-602,607-611,616-649,657-660,662,664,666-670,673-674,682-702,705-708,711-715,743-763,765-766,768-775,777-783,785,787-796,798,804-811,813,815,819-826,828-832,835-845,847-849,852-859,861-877	112.0.0,112.0.1,112.1.2,112.1.3,112.2.4,112.2.5,112.3.7,118.0.0,118.0.1,342.0.0,342.0.1,354.0.0,354.0.1,450.0.1,451.0.0,451.0.1,452.0.0,452.0.1,463.0.0,463.0.1,575.0.0,575.0.1,579.0.0,579.0.1,617.0.0,617.0.1,642.0.0,642.0.1,642.1.2,642.1.3,658.0.0,658.0.1,664.0.1,708.0.1,782.0.0,782.0.1,810.0.0,810.0.1,826.0.1,832.0.0,835.0.0,835.0.1,835.1.2,835.1.3,849.0.0
crates/rig-candle/src/pose/network.rs	14aea159b2f61206	248/258	3/4	33-35,38-40,43-49,59-68,72-74,85,87-89,91,95-98,110-114,116-118,120,124-132,134-135,147-148,150-152,154,156-161,165-171,182-185,189-196,213-215,218-219,221-228,230,232-241,255-257,259-268,272,274-284,288-291,299,301-303,305,308-314,316-318,320,324-326,348-354,356-362,364-369,371-373,375,379-390,392-397,399-401,404-405,407-410,412-421,426-436,440-448,460,462-464,466,470-473	89.0.0,97.0.0,97.0.1
crates/rig-candle/src/profile.rs	f1083661061128c2	165/201	32/54	380-400,403-410,412-419,421-430,434-435,440-442,444-452,458-466,468-469,483-515,523-525,527-540,551,557,559-563,569-572,574-605	386.0.0,386.0.1,412.0.0,412.0.1,427.0.1,429.0.1,430.0.1,434.0.1,435.0.1,435.1.3,458.0.0,458.0.1,488.0.1,491.0.1,494.0.1,497.0.1,500.0.1,503.0.1,506.0.1,509.0.1,515.0.1,536.0.0,536.0.1,551.0.1,563.0.1,570.0.0,570.0.1,580.0.0,580.0.1,595.0.0,595.1.2,595.1.3
crates/rig-candle/src/protocol.rs	560163b3cfc910bb	530/638	88/108	50-59,61,63-78,80,82-89,91-94,96-103,110,113-116,118-122,124-125,127,129-131,133,135-136,144,151-155,157-162,164-165,167-168,174,183,189-190,192-202,204,206-214,216-220,223-226,228,232-233,235-236,240-243,247-248,252,255-259,264,266-282,286-289,291-296,302-303,305-319,321-328,330-334,336,345-349,351-353,355-356,358-360,364,366-374,377,379-383,403,406,408-412,414-430,433,440-453,455-465,467-471,473-484,486-490,492-500,502-503,508-509,512-514,516-539,544-549,554-562,564-566,571-573,588-591,593,597-608,610-611,615,619-626,631-638,642,645-653,668-671,677,682-683,686,688-694,696-697,700-715,719,721-745,749-756,758-763,765-770,772,776-778,780-784,786-791,796-801,803-807,809-810,812-825,827-828,830-835	87.0.0,87.0.1,207.0.0,207.0.1,228.0.1,236.0.1,243.0.1,248.0.1,267.0.0,271.0.0,271.0.1,272.0.0,272.0.1,286.0.0,286.0.1,309.0.0,309.0.1,314.0.0,314.0.1,414.0.0,414.0.1,417.0.0,417.0.1,441.0.0,441.0.1,446.0.0,446.0.1,467.0.0,467.0.1,474.0.0,474.0.1,488.0.0,488.0.1,489.0.0,489.0.1,539.0.1,545.0.0,545.0.1,547.0.1,557.0.0,557.0.1,557.1.2,557.1.3,615.0.0,615.0.1,615.1.3,624.0.0,624.0.1,626.0.1,638.0.1,677.0.1,696.0.0,696.0.1,701.0.0,705.0.0,705.0.1,710.0.0,710.0.1,710.1.3,715.0.1,715.1.3,723.0.0,723.0.1,724.0.0,724.0.1,737.0.0,737.0.1,745.0.1,750.0.0,750.0.1,755.0.0,755.0.1,756.0.1,756.1.2,756.1.3,772.0.1,780.0.0,780.0.1,780.1.2,780.1.3,800.0.0,800.0.1,803.0.0,803.0.1,821.0.0,821.0.1,832.0.0,832.0.1
crates/rig-candle/src/runtime.rs	429e34fe07f9380c	120/122	12/13	35-45,47-54,59-63,65,67-71,73,75-83,85-88,90-92,94,96-100,102,111-113,115-117,139-144,146-148,153-157,160-162,164,166,178-186,193-198,203-205,209-216,219-224,226-228,230-232,235-237	54.0.1,59.0.0,59.0.1,68.0.0,68.0.1,97.0.0,97.0.1,154.0.0,154.0.1,161.0.0,161.0.1,236.0.0
crates/rig-candle/src/types.rs	d97b833c646f6c39	17/17	0/0	222-224,266-273,275,279-280,284-285,287	
crates/rig-candle/src/validation.rs	17c6a96940d70026	432/760	42/84	40-55,57-59,61-71,80-90,98-99,107-119,121-123,125,127-134,142-144,157-186,188,190-198,200-218,225-238,240-243,245-253,255-265,274,276-282,284-287,289-297,299,303-308,310,312-325,327-333,337-339,342-345,348,350,352-384,387,389-404,437,493-496,502,567-571,574-575,585,619-666,668-677,679-683,685-686,688-698,704-709,725,826-831,834-838,841,843-862,865-866,868-884,887-893	50.0.0,50.0.1,57.0.0,57.0.1,69.0.1,82.0.0,82.0.1,90.0.1,90.1.3,99.0.1,99.1.3,108.0.0,108.0.1,118.0.0,118.0.1,127.0.0,194.0.0,194.0.1,195.0.1,215.0.1,218.0.1,246.0.1,246.1.2,246.1.3,281.0.0,290.0.0,290.0.1,317.0.0,317.0.1,342.0.0,345.0.1,400.0.0,675.0.0,675.0.1,695.0.1,834.0.0,852.0.0,852.0.1,876.0.0,876.0.1,883.0.0,883.0.1
crates/rig-cassette/src/agent/mod.rs	8db1d8167e4c2d71	72/81	14/16	35-37,43-49,52-63,66-77,79-88,99-102,106-129	54.0.0,56.0.0,56.0.1,67.0.0,67.0.1,76.0.0,76.0.1,77.0.0,77.0.1,88.0.0,106.0.0,106.0.1,117.0.0,117.0.1
crates/rig-cassette/src/agent/replay.rs	15592477b96a5b4d	16/17	0/0	23-25,29-39,42-43	
crates/rig-cassette/src/effect_log/jsonl.rs	fae3c1617166ec4a	80/99	12/20	40-45,55-66,68,70-72,74-83,92-96,98-101,104-105,115,121-133,136-142,145-146,156-159,162-164,166-167,172,174-177	57.0.0,57.0.1,57.1.2,57.1.3,61.0.0,79.0.0,96.0.1,125.0.0,125.0.1,125.1.2,164.0.1,172.0.1
crates/rig-cassette/src/effect_log/log.rs	fddd8e4a74d3d9ff	130/148	10/10	91-104,121-129,133-140,144-151,156-157,159-161,163-164,168-183,187,191,198-200,227-229,257-259,265-273,286,288-296,298-299,301-304,307-313,315-321,323-329,331-336,342-346	148.0.0,148.0.1,169.0.0,169.0.1,179.0.0,179.0.1,291.0.0,291.0.1,292.0.0,292.0.1
crates/rig-cassette/src/effect_log/recorder.rs	27686e89965016a1	244/263	22/32	52-67,72-74,80-85,89-94,99-105,110-116,118-119,122,129-139,144-150,152-170,173-180,182-208,212-219,223-225,228-238,240-242,244-256,260-265,267-272,298-304,306,308-314,316-322,324,327-338,340-352,354-356,358-360,362-364,366-368,370-372,374-381,383-385	159.0.0,159.0.1,194.0.0,194.0.1,214.0.0,215.0.0,225.0.0,234.0.0,234.0.1,246.0.0,246.0.1,262.0.0,269.0.0,300.0.0,300.0.1,328.0.0,328.0.1,342.0.0,345.0.0,345.0.1,376.0.0,377.0.0
crates/rig-cassette/src/effect_log/replay.rs	c1d924cab634749c	389/474	54/72	87-89,92,99-104,108-116,120-125,127-133,137-141,143-145,147-150,153-154,156-160,162-178,180,184-187,197-198,200-202,205-207,212-218,221-227,229-234,236-241,243,245-247,249-250,255-265,267-268,271-274,276-280,282-289,291-297,299-302,304-306,308-314,316-318,328,330-339,342-343,346-348,351-356,361-368,370,373-374,377,382-391,395-396,402,405-406,409-410,412,416-421,424-425,429-433,436-445,447,455-456,462-466,470,472,477-486,489-493,497-498,522-524,526,530-531,535-537,539-545,552-557,574-576,578,584-586,588-608,612-625,627-629,636-641,645-650,654-656,658-660,662,664,666-684,686-688,691-698,702-703,705	137.0.0,137.0.1,144.0.0,144.0.1,173.0.0,198.0.1,232.0.0,232.0.1,245.0.0,245.0.1,260.0.0,271.0.0,271.0.1,272.0.1,274.0.1,305.0.0,305.0.1,306.0.0,306.0.1,318.0.1,332.0.0,332.0.1,370.0.0,387.0.0,387.0.1,396.0.1,403.0.0,403.0.1,412.0.1,417.0.0,417.0.1,425.0.0,429.0.0,429.0.1,444.0.0,444.0.1,456.0.1,464.0.0,464.0.1,482.0.1,486.0.1,627.0.0,627.0.1,628.0.0,645.0.0,645.0.1,659.0.0,659.0.1,660.0.0,675.0.0,675.0.1,676.0.0,677.0.0,677.0.1
crates/rig-cassette/src/http/account.rs	2291873584678c0e	90/90	28/30	36-41,43,113-119,121-137,147-150,153-160,162-169,180-187,189-190,192,195-204,206-207,209-210,212-214,216-220,224-227,229,231	114.0.0,114.0.1,121.0.0,121.0.1,124.0.0,124.0.1,124.1.3,124.2.4,124.2.5,127.0.0,127.0.1,127.1.2,127.1.3,130.0.0,130.0.1,130.1.2,130.1.3,130.2.5,133.0.0,133.0.1,133.1.2,133.1.3,148.0.0,148.0.1,195.0.0,195.0.1,212.0.0,212.0.1
crates/rig-cassette/src/http/clock.rs	1d9428166b48b13a	79/90	5/6	52-54,59-70,73,76-84,89-95,97-101,104-106,117,122-124,127,129-130,134-141,143-155,158-167,170	127.0.1,143.0.0,143.0.1,159.0.0,159.0.1
crates/rig-cassette/src/http/error.rs	30b58b0570b58ace	34/47	4/4	240-242,256-260,262,265-284,287-288,290-291,293	271.0.0,271.0.1,277.0.0,277.0.1
crates/rig-cassette/src/http/ledger.rs	bc518d2ea74177ed	180/202	37/40	107-113,115-122,124-125,127-130,136-149,151-164,166-175,177-179,182-183,185-190,192,196-201,203-206,208-213,215-216,219-226,228,230,234-244,287-288,291-297,299,302-312,314,316-319,324-346,349-352,354,356,358,364-368,370-376,379-380	108.0.0,108.0.1,112.0.0,127.0.0,127.0.1,144.0.0,144.0.1,148.0.0,148.0.1,155.0.0,155.0.1,160.0.0,160.0.1,161.0.0,161.0.1,182.0.0,182.0.1,205.0.0,205.0.1,205.1.2,219.0.0,219.0.1,223.0.0,223.0.1,237.0.0,237.0.1,237.1.2,237.1.3,288.0.0,311.0.0,311.0.1,312.0.0,312.0.1,349.0.0,349.0.1,350.0.0,350.0.1
crates/rig-cassette/src/http/mod.rs	05cb2b8bdc2cd971	2289/2476	286/360	100-107,110-112,115-118,129-132,137-140,145-148,152-154,170-177,179,182-188,190-192,194-196,198-200,202-204,208-219,222-226,240-243,247,249-251,267-269,271-277,312-332,334-338,344,346,349-370,372-377,379-382,431-432,434-435,438-440,442-446,448-450,454,456-458,460,462,477-491,495-513,518-536,558-576,580-600,602-612,614-615,617,621,623-634,643-656,659-660,662-677,679-680,682-683,686-696,698-705,707-716,719-729,733-737,742-754,758-760,772-776,778-779,782-783,786,789,801-805,807,809-811,813-817,820-827,829,832-834,838,840-842,844,846,851-854,858-859,864,866,873-877,885-886,888-894,896,898-903,905-911,915-926,930-935,938,942-946,948-949,951,954-956,963,967-970,972-976,978-985,987-991,1004-1011,1015-1027,1029-1036,1038,1040-1041,1043-1050,1052-1054,1059-1069,1071-1074,1076-1077,1079,1083-1089,1092,1095-1098,1100-1110,1174-1176,1192-1198,1202-1208,1212-1222,1226-1239,1242-1267,1271-1274,1277-1279,1281-1283,1285-1292,1297,1299-1300,1303-1305,1307-1310,1312-1326,1328-1357,1361-1366,1368,1370-1371,1375-1395,1397-1399,1401-1406,1409-1416,1421-1431,1442,1445-1450,1452-1458,1461-1467,1482-1497,1499-1500,1503-1509,1513,1515-1540,1542-1543,1545-1558,1560-1561,1563-1572,1574-1578,1589-1602,1606-1615,1620-1630,1632-1644,1646,1648-1657,1659-1660,1662-1671,1673,1675-1682,1684,1686-1695,1697,1699-1700,1704,1706-1712,1714-1724,1731-1732,1737,1739-1747,1749,1751-1757,1759,1761-1765,1767-1775,1777-1779,1783-1788,1790,1792,1794-1796,1798-1800,1802-1812,1814-1815,1819-1823,1825-1833,1836,1838-1840,1842,1844-1846,1848,1851,1854-1855,1857-1858,1860,1864,1866-1869,1871,1873-1884,1922-1929,1931-1933,1935-1939,1941-1942,1944,1946-1960,1962-1965,1968-1969,1971-1973,1975-1979,1981-1983,1985-1986,1988,1990-1992,1994-1996,1998-2000,2002-2008,2010-2014,2016-2023,2025-2026,2028,2030,2032-2037,2039-2041,2043-2045,2048,2050-2052,2057,2060-2062,2064-2067,2071-2079,2081-2082,2085-2086,2088-2092,2095-2099,2102-2104,2106-2108,2110-2123,2125-2141,2143-2146,2148-2150,2152,2156-2157,2159,2163,2166-2168,2170-2176,2178-2182,2184,2186,2188-2197,2199-2204,2206,2209-2211,2213-2215,2217-2220,2222-2223,2226-2227,2229,2231-2240,2242,2250-2260,2262,2265-2266,2270-2278,2282-2288,2295-2296,2299-2304,2309-2323,2327-2334,2336,2339,2343-2345,2349-2352,2356-2357,2361-2366,2369,2373-2378,2381,2385-2394,2398-2407,2411-2427,2431-2436,2440-2454,2458-2466,2468-2474,2477-2479,2481-2486,2490-2492,2499-2501,2503-2505,2507-2510,2512-2513,2517-2519,2521-2527,2529-2534,2536-2541,2543-2544,2548-2550,2560-2565,2567-2571,2574-2581,2583-2590,2592-2599,2601-2608,2610-2611,2629-2648,2658-2665,2667-2692,2694-2704,2707-2708,2713-2718,2722-2733,2742-2743,2748-2752,2757-2759,2763-2769,2774-2799,2801-2813,2815-2821,2823-2837,2839-2848,2850-2851,2853-2859,2863-2864,2866-2868,2871-2884,2886,2888,2890-2891,2893-2899,2901-2902,2986-2990,2993-2995,3019-3025,3027-3030,3032-3034,3036-3039,3041-3042,3046-3056,3060-3062,3064,3066,3068-3071,3073-3075,3077,3080-3082,3086-3087,3095,3098-3100,3102-3108,3110,3113-3114,3116-3120,3122-3124,3126-3127,3129-3130,3132-3133,3135-3143,3145-3157,3160-3162,3164-3165,3168-3169,3171-3172,3174-3178,3180-3183,3185-3188,3190-3194,3196-3199,3202,3204-3212,3214,3216,3218-3225,3229,3234-3235,3237-3239,3242-3245,3247-3248,3250,3257,3260,3263-3265,3267,3269-3271,3273-3275,3277-3283,3292-3293,3295-3296,3298,3302,3305,3307-3311,3313,3315-3316,3318-3322,3326-3327,3329-3331,3333-3335,3338-3344,3346-3348,3350-3356,3358-3360,3362-3367,3370-3373,3375-3376,3378,3380-3382,3384,3386,3388,3391-3395,3397-3399,3401-3407,3411,3413-3418,3421-3424,3426-3427,3429,3431,3434-3435,3437-3443,3445-3446,3448-3450,3453-3463,3465-3467,3469,3473-3476,3478-3480,3484-3495,3497-3499,3501,3504-3507,3513-3519,3521-3524,3526-3538,3540-3542,3544-3545,3547-3553,3555-3557,3559,3562-3563,3565-3567,3569-3572,3591-3596,3600-3611,3613-3620,3622-3624,3627,3629,3646,3648-3651,3688-3698	176.0.0,176.0.1,242.0.1,243.0.0,272.0.0,272.0.1,320.0.0,320.0.1,611.0.0,611.0.1,659.0.0,659.0.1,662.0.0,662.0.1,680.0.0,680.0.1,773.0.0,773.0.1,783.0.0,786.0.0,804.0.0,804.0.1,807.0.1,811.0.1,841.0.0,841.0.1,859.0.1,874.0.0,874.0.1,916.0.0,916.0.1,968.0.0,968.0.1,979.0.0,980.0.0,988.0.0,1038.0.1,1062.0.0,1062.0.1,1072.0.0,1076.0.0,1084.0.0,1084.0.1,1087.0.0,1087.0.1,1087.1.2,1087.1.3,1092.0.0,1107.0.0,1107.0.1,1197.0.0,1232.0.0,1232.0.1,1273.0.0,1273.0.1,1274.0.1,1279.0.1,1283.0.1,1286.0.0,1286.0.1,1292.0.1,1299.0.0,1300.0.1,1343.0.0,1343.0.1,1370.0.0,1370.0.1,1384.0.0,1384.0.1,1409.0.0,1409.0.1,1574.0.0,1574.0.1,1594.0.0,1594.0.1,1598.0.0,1598.0.1,1599.0.0,1600.0.0,1613.0.0,1613.0.1,1626.0.0,1626.0.1,1627.0.0,1627.0.1,1637.0.0,1637.0.1,1732.0.1,1779.0.0,1787.0.0,1787.0.1,1788.0.0,1788.0.1,1815.0.0,1833.0.0,1833.0.1,1836.0.0,1836.0.1,1840.0.1,1844.0.0,1844.0.1,1848.0.0,1851.0.0,1857.0.0,1877.0.0,1877.0.1,1878.0.0,1878.0.1,1937.0.0,1937.0.1,1942.0.1,1975.0.0,1975.0.1,1986.0.1,2033.0.0,2033.0.1,2064.0.0,2064.0.1,2072.0.0,2072.0.1,2073.0.0,2073.0.1,2089.0.0,2097.0.0,2097.0.1,2146.0.1,2172.0.0,2172.0.1,2178.0.0,2178.0.1,2190.0.0,2190.0.1,2213.0.0,2213.0.1,2218.0.0,2218.0.1,2218.1.2,2218.1.3,2259.0.0,2259.0.1,2259.1.3,2485.0.0,2485.0.1,2529.0.0,2529.0.1,2569.0.0,2569.0.1,2575.0.0,2575.0.1,2584.0.0,2584.0.1,2593.0.0,2593.0.1,2602.0.0,2602.0.1,2659.0.0,2659.0.1,2670.0.0,2670.0.1,2677.0.0,2677.0.1,2699.0.0,2699.0.1,2700.0.0,2700.0.1,2701.0.0,2725.0.0,2725.0.1,2743.0.1,2766.0.0,2766.0.1,2808.0.0,2808.0.1,2854.0.0,2854.0.1,2867.0.0,2886.0.1,3036.0.0,3036.0.1,3047.0.0,3047.0.1,3051.0.0,3051.0.1,3051.1.2,3053.0.0,3060.0.0,3060.0.1,3068.0.0,3077.0.0,3080.0.0,3080.0.1,3102.0.0,3102.0.1,3117.0.0,3117.0.1,3122.0.0,3122.0.1,3145.0.0,3145.0.1,3147.0.0,3147.0.1,3149.0.0,3186.0.0,3186.0.1,3190.0.0,3191.0.0,3191.0.1,3196.0.0,3196.0.1,3205.0.0,3205.0.1,3237.0.0,3237.0.1,3250.0.1,3269.0.0,3269.0.1,3273.0.0,3273.0.1,3296.0.1,3309.0.0,3309.0.1,3319.0.0,3319.0.1,3319.1.2,3319.1.3,3330.0.0,3330.0.1,3334.0.0,3334.0.1,3338.0.0,3339.0.0,3340.0.0,3340.0.1,3342.0.0,3342.0.1,3350.0.0,3350.0.1,3352.0.0,3353.0.0,3353.0.1,3364.0.0,3364.0.1,3376.0.1,3380.0.0,3380.0.1,3384.0.1,3388.0.0,3391.0.0,3391.0.1,3401.0.0,3401.0.1,3403.0.0,3404.0.1,3415.0.0,3427.0.1,3431.0.0,3438.0.0,3438.0.1,3439.0.0,3441.0.0,3441.0.1,3450.0.0,3450.0.1,3453.0.0,3453.0.1,3460.0.0,3460.0.1,3465.0.0,3484.0.0,3484.0.1,3485.0.0,3485.0.1,3492.0.0,3492.0.1,3497.0.0,3518.0.0,3518.0.1,3526.0.0,3526.0.1,3547.0.0,3547.0.1,3549.0.0,3549.0.1,3555.0.0,3555.0.1,3629.0.1
crates/rig-cassette/src/http/paths.rs	2a81bb9de9e74be9	169/170	2/2	6-10,13-15,17,22-24,26-34,38-52,56,58-84,87-98,100-102,104-106,108-110,112-114,116-118,120-122,124-126,128-130,132-134,136-138,141,173-177,180-183,185-191,193,196,200-206,209-210,213,216-249	221.0.0,221.0.1
crates/rig-cassette/src/http/relay.rs	ff9cdb142135a171	284/294	62/76	37-47,49,52-53,57-59,62-65,67-69,71-73,75-76,78,80-83,85-87,89-91,93,95-100,102-113,115-124,150-158,162-168,170-179,182-188,190,192-199,203-204,206-220,223-225,227-235,239-246,249,251-257,259-260,306-308,310-312,314-318,321-332,334-335,337-342,344-347,350-359,361-366,369-373,376-383,386-395,397,399-407,410,412-417,420-421,423,425-426,428-434,436,439-446,449,451-453,456,459-461,467,469-473	42.0.0,46.0.0,76.0.1,91.0.1,151.0.0,151.0.1,164.0.0,164.0.1,170.0.0,170.0.1,170.1.2,170.1.3,174.0.0,174.0.1,182.0.0,182.0.1,203.0.0,203.0.1,204.0.0,207.0.0,207.0.1,224.0.0,224.0.1,243.0.0,243.0.1,244.0.0,244.0.1,244.1.2,246.0.1,251.0.0,251.0.1,310.0.0,310.0.1,311.0.0,311.0.1,318.0.0,321.0.0,321.0.1,324.0.0,373.0.0,387.0.0,387.0.1,387.1.2,387.1.3,387.2.5,388.0.0,388.0.1,390.0.0,390.0.1,392.0.0,392.0.1,394.0.0,394.0.1,425.0.0,425.0.1,433.0.0,433.0.1,443.0.0,443.0.1,449.0.1,456.0.0,460.0.0
crates/rig-cassette/src/http/shape.rs	e6f921c44597dd8d	92/93	32/34	85-87,89-94,96-102,104,108-116,118,121-123,125-126,128,130-139,142-147,150-152,154-159,161-163,165,167-175,178-183,187-195,199-200,202,204-206	93.0.0,93.0.1,109.0.0,109.0.1,115.0.0,115.0.1,122.0.0,122.0.1,125.0.0,125.0.1,128.0.1,151.0.0,151.0.1,151.1.2,151.1.3,161.0.0,161.0.1,168.0.0,168.0.1,168.1.2,171.0.0,171.0.1,178.0.0,178.0.1,179.0.0,179.0.1,179.1.2,179.1.3,179.2.4,179.2.5,192.0.0,192.0.1
crates/rig-cassette/src/http/snapshot.rs	61f8aa315c686cdb	340/354	43/52	48-50,64-66,68-70,72-79,81,123-125,149-169,173-175,180-193,195-205,209-210,212-214,217-219,223,227-231,235-239,244-251,253-254,256,258-277,279-284,289-293,295-297,303-310,312-321,323,325,329-337,339,341-342,344-346,349-353,358-362,364-386,391-429,431-436,438,443-447,449-450,452-455,458-463,466-474,476-481,484-491,493-494,496-498,504,508-516,518-519,521,523-524,526-527,529-530,534-543,545-553,555-557,559-561,563-565	69.0.0,69.0.1,154.0.0,154.0.1,164.0.0,164.0.1,168.0.0,175.0.1,212.0.0,212.0.1,217.0.0,246.0.0,246.0.1,274.0.0,274.0.1,276.0.0,293.0.1,304.0.0,304.0.1,307.0.0,307.0.1,310.0.0,336.0.0,336.0.1,365.0.0,365.0.1,411.0.0,411.0.1,455.0.0,459.0.0,459.0.1,470.0.0,470.0.1,481.0.0,487.0.0,487.0.1,494.0.1,536.0.0,536.0.1,547.0.0,547.0.1,556.0.0,556.0.1
crates/rig-core/src/audio_generation.rs	65ce95d7c120adb0	33/33	0/0	50-60,77-86,89-92,96-100,103-105	
crates/rig-core/src/catalog/facts.rs	8274fa396b939922	61/61	8/8	49,54-55,59-68,72-75,79-81,84-86,93-96,98-103,110-118,124-126,136-151	94.0.0,94.0.1,95.0.0,95.0.1,96.0.0,96.0.1,96.1.2,96.1.3
crates/rig-core/src/catalog/lookup.rs	5e55e6d44ba41a6d	68/69	14/14	42-45,47,49,59-72,78-99,104-126,128,130-131	92.0.0,92.0.1,93.0.0,93.0.1,118.0.0,118.0.1,119.0.0,119.0.1,120.0.0,120.0.1,121.0.0,121.0.1,123.0.0,123.0.1
crates/rig-core/src/catalog/mod.rs	fb903828183728cb	186/191	35/44	109,111-112,125-126,161-163,171-173,177-179,191-195,198-203,206-208,218-224,234-241,244,246,248-249,254-265,267,269,272-285,288-292,294-299,301-305,308-317,319-328,330,335-343,345-346,348-351,353-354,356-357,359-360,362-363,365-366,368,370,372-378,380,382-387,390-398,401-405,424-430,432-443	112.0.0,263.0.0,273.0.0,273.0.1,313.0.0,338.0.0,338.0.1,339.0.0,339.0.1,347.0.0,347.0.1,372.0.0,372.0.1,382.0.1,382.1.3,382.2.4,382.2.5,382.3.7,382.4.9,385.0.0,385.0.1,385.1.3,385.2.5,390.0.0,390.0.1,393.0.0,393.0.1,426.0.0,426.0.1,426.1.2,426.1.3,429.0.0,429.0.1,430.0.0,430.0.1
crates/rig-core/src/catalog/read.rs	45e7ea382f4716c1	193/210	31/38	25-27,29-31,34,79-80,83,85-90,96-99,101-106,110,154-170,172,176-183,186,193-195,199-210,213,215-216,219-250,254-256,258,274-282,284-289,291-297,300-301,303,305,307-310,313-314,317-319,323-329,332-347,350,353,357-359,364-372,376-384,386-389	80.0.1,167.0.0,167.0.1,172.0.0,183.0.0,186.0.0,195.0.0,210.0.1,219.0.0,219.0.1,220.0.0,220.0.1,230.0.0,230.0.1,235.0.0,235.0.1,280.0.0,280.0.1,284.0.0,284.0.1,300.0.0,300.0.1,301.0.0,301.0.1,329.0.0,335.0.0,335.0.1,343.0.0,343.0.1,377.0.0,377.0.1
crates/rig-core/src/catalog/row.rs	0d90196dd611a856	291/307	21/22	166-179,181-199,202-205,207,209-221,223-239,241-242,244,246,249-262,265,268,271-272,276-298,301-303,307-313,315-316,326-327,330-332,336-342,344-363,365,367-375,379-380,388-402,404,408-414,417-427,429,431-434,436,440-463,465-476,487-492,494-498,501,504-505,508-510,524-534,544-552,554,556-558,562-566	171.0.0,171.0.1,182.0.0,182.0.1,190.0.0,190.0.1,204.0.0,204.0.1,241.0.0,241.0.1,389.0.0,389.0.1,402.0.0,417.0.0,417.0.1,417.1.2,417.1.3,418.0.0,418.0.1,418.1.2,418.1.3
crates/rig-core/src/catalog/spec.rs	cd8fb7e846d85cd4	292/340	39/42	172-179,182-185,202-207,209,211-221,271-274,322-326,334-355,362-364,368-370,376-382,384,386,389-392,395-398,401-404,413-416,419-422,425-428,437-440,449-452,455-458,465-467,478-481,483,502-507,511-516,519-549,551-552,556-561,565,568,570,575-576,578,580-581,583,587-591,594-599,601,617-620,622,635-639,641-643,645,647,649-655,659-660,662-663,665-668,670-671,674-676,681-685,687,692-695,697,702-706,708,711-714,716,720-721,723-724,726,728-730,732,734-739,741-742,744-756,759,765-767,769,771-772,776-780,782	381.0.0,381.0.1,512.0.0,512.0.1,521.0.0,521.0.1,531.0.0,531.0.1,547.0.0,547.0.1,559.0.0,559.0.1,578.0.0,578.0.1,588.0.0,588.0.1,589.0.0,589.0.1,640.0.0,640.0.1,649.0.0,659.0.0,660.0.0,735.0.0,735.0.1,737.0.0,737.0.1,738.0.0,738.0.1,738.1.2,738.1.3,741.0.0,741.0.1,749.0.0,749.0.1,755.0.0,755.0.1,766.0.0,766.0.1
crates/rig-core/src/client/anthropic.rs	bc59ae5e2d027ca7	9/15	0/0	23-25,36-38,41-43	
crates/rig-core/src/client/cached_content.rs	3f72f0805defc796	41/41	0/0	18-22,25-30,34-43,47-60,66-71	
crates/rig-core/src/client/chatgpt.rs	30fca5a4a770e222	0/48	0/0		
crates/rig-core/src/client/cohere.rs	d12229f3e8a2bc0c	9/15	0/0	35-37,41-43,47-49	
crates/rig-core/src/client/copilot.rs	570f12da343684a5	24/27	2/2	24-26,37-39,42-44,47-49,67-72,74,76-80	71.0.0,71.0.1
crates/rig-core/src/client/env.rs	f82f3ca6825d1b4c	8/9	0/0	38-40,45-48,51	
crates/rig-core/src/client/gemini.rs	75380fd4da68012c	21/43	0/0	42-44,47-49,53-55,58-60,65-67,70-72,96-98	
crates/rig-core/src/client/gemini_caching.rs	3ff77c09469631cc	255/290	34/46	23-33,36-38,42-43,47-54,56-57,59,84-92,95-100,103-122,136-143,152-159,161,170-175,177-184,189-194,196-204,207-209,211-223,227-236,238-239,242,244-248,257-264,278-286,290-292,295,299,318-324,330-336,339-340,346,351,353-355,357,360-362,364-369,371-372,374-382,384-385,387-389,395,397-411,413,415-427,429-442	36.0.0,54.0.1,172.0.0,172.0.1,204.0.0,204.0.1,204.1.3,220.0.0,220.0.1,236.0.1,248.0.0,248.0.1,340.0.0,346.0.1,366.0.0,366.0.1,367.0.0,367.0.1,371.0.0,371.0.1,372.0.0,376.0.0,376.0.1,381.0.0,381.0.1,382.0.0,407.0.0,407.0.1,411.0.0,413.0.0,413.0.1,434.0.0,435.0.0,435.0.1
crates/rig-core/src/client/macros.rs	8d275d7d98a2ffc3	31/40	0/0	20-28,31-33,36-38,44-49,55-57,80-83,88-90	
crates/rig-core/src/client/ollama.rs	7e6b0b2a9f092979	9/18	0/0	45-47,51-53,62-64	
crates/rig-core/src/client/openai.rs	545db4dc7abdaa90	48/48	1/2	43-45,51-53,57-59,62-64,67-69,72-74,77-79,82-84,89-91,96-98,101-103,107-109,130-141	134.0.0
crates/rig-core/src/client/voyageai.rs	2023fc8b7619ca40	0/12	0/0		
crates/rig-core/src/completion/cache_cost.rs	e3c2d84ea6ffc4a7	43/43	2/2	78-88,91-93,96-102,105-107,111-114,116,118,124-127,131-136,140-142	113.0.0,113.0.1
crates/rig-core/src/completion/handle.rs	16996c20b94fe911	19/40	0/0	21-23,27-30,35-37,40-42,60-62,66-68	
crates/rig-core/src/completion/history.rs	4a9b39ec0e91cc4b	774/784	179/196	198-200,208-211,217-220,226-229,236-238,243-246,252-254,259-261,266-269,274-277,283-286,290-292,297-300,307-310,315-317,322-325,330-332,336-338,343-346,352-355,396-408,410,412-418,420,422,426-430,432-433,436-442,444,468-470,487-494,502-520,522-532,536-538,542,544-548,551-562,564-577,579-586,588-593,596-621,625,628-630,633-638,645-651,653,655-658,660-661,663,665-666,668,670,675-689,691,693-700,702-706,711-726,728-729,733-738,741-751,753-756,761-768,773-778,780-783,786-788,792-802,804-809,811-813,829-831,840-842,844-852,854,858-863,867-870,872,874,878-888,902-907,911-939,942-944,946,951-952,955-960,962-964,966-970,972-973,975,980-984,986,988,990-994,996,998-1003,1010-1019,1021-1022,1024-1028,1030-1041,1043,1047-1048,1057-1070,1072-1081,1084-1090,1092-1097,1100-1106,1109-1114,1116-1121,1123-1129,1131-1132,1143-1146,1149-1152,1157-1169,1171,1174-1178,1180-1183,1185-1189,1191-1194,1196-1202,1204-1206,1209-1212,1214-1217,1219,1221-1225,1227-1236,1239,1241-1242,1245-1247,1249-1251,1253-1263,1272-1283,1285,1287-1301,1305-1308,1311-1323,1328-1344,1346,1348-1350,1352,1355-1356,1360-1363,1365,1369-1377,1380-1387,1392-1401,1404-1405	401.0.0,401.0.1,405.0.0,405.0.1,417.0.0,417.0.1,429.0.0,430.0.1,433.0.0,436.0.0,436.0.1,522.0.0,522.0.1,522.1.2,522.1.3,528.0.0,528.0.1,537.0.0,537.0.1,575.0.0,575.0.1,589.0.0,589.0.1,596.0.0,596.0.1,597.0.0,597.0.1,617.0.0,617.0.1,620.0.1,633.0.0,650.0.0,650.0.1,660.0.0,660.0.1,660.1.2,665.0.0,665.0.1,681.0.0,681.0.1,716.0.0,716.0.1,719.0.0,719.0.1,721.0.0,721.0.1,723.0.0,723.0.1,746.0.0,746.0.1,769.0.1,774.0.0,774.0.1,793.0.0,793.0.1,807.0.0,846.0.0,846.0.1,851.0.0,851.0.1,869.0.0,869.0.1,881.0.0,881.0.1,903.0.0,903.0.1,930.0.0,930.0.1,943.0.0,943.0.1,951.0.0,951.0.1,957.0.0,957.0.1,957.1.2,957.1.3,963.0.0,963.0.1,982.0.0,982.0.1,983.0.0,983.0.1,984.0.0,993.0.0,993.0.1,1018.0.0,1018.0.1,1021.0.0,1021.0.1,1022.0.0,1022.0.1,1027.0.0,1027.0.1,1030.0.0,1030.0.1,1038.0.0,1038.0.1,1065.0.0,1069.0.0,1069.0.1,1072.0.0,1072.0.1,1073.0.0,1073.0.1,1085.0.0,1085.0.1,1086.0.0,1086.0.1,1087.0.0,1097.0.0,1116.0.0,1116.0.1,1118.0.0,1118.0.1,1124.0.0,1124.0.1,1125.0.0,1125.0.1,1126.0.0,1149.0.0,1149.0.1,1150.0.0,1150.0.1,1164.0.0,1164.0.1,1168.0.0,1168.0.1,1177.0.0,1178.0.0,1178.0.1,1188.0.0,1189.0.0,1189.0.1,1198.0.0,1198.0.1,1201.0.0,1201.0.1,1202.0.0,1202.0.1,1212.0.0,1212.0.1,1221.0.0,1221.0.1,1229.0.0,1229.0.1,1233.0.0,1233.0.1,1239.0.0,1239.0.1,1247.0.0,1247.0.1,1249.0.0,1249.0.1,1254.0.0,1254.0.1,1257.0.0,1257.0.1,1281.0.0,1281.0.1,1282.0.0,1282.0.1,1293.0.0,1293.0.1,1293.1.2,1293.1.3,1321.0.0,1321.0.1,1338.0.0,1338.0.1,1342.0.0,1342.0.1,1348.0.0,1348.0.1,1371.0.0,1371.0.1,1372.0.0,1372.0.1,1397.0.0,1397.1.2
crates/rig-core/src/completion/message.rs	1f8ffd0f2d0ab819	404/478	34/36	57-62,67-73,90-93,96-99,102-105,108-113,119-121,132-142,144-154,156-159,161,203-209,213-217,219,226-230,232-233,235,242-244,247,249-252,254-257,259,263,268-269,271,273,275-281,283,287-293,297-306,310-319,343-348,387-390,392,395-398,400,408-410,412-417,419,441-447,451-453,456-463,467-472,512,514-518,520,522-527,533,535-540,543-547,550-552,554,557-559,566,576-585,622,624-634,639-645,701-703,706-708,711-713,725-727,733,773-775,779-781,850-858,860,862,924-930,932,934-935,937,940-944,947-951,954-956,961-969,972-976,987-998,1006-1012,1020-1025,1032-1034,1068-1075,1080-1082,1091-1093,1096-1098,1103-1105,1108-1110,1131-1137,1156-1157,1159,1161,1163-1164,1167,1232-1234,1259-1263,1268-1272,1313-1315,1319-1323,1327-1329	141.0.0,141.0.1,142.0.0,142.0.1,149.0.0,149.0.1,149.1.2,149.1.3,153.0.0,153.0.1,205.0.0,205.0.1,228.0.0,228.0.1,230.0.0,230.0.1,230.1.2,230.1.3,289.0.0,289.0.1,581.0.0,581.0.1,851.0.0,851.0.1,853.0.0,853.0.1,855.0.1,855.1.2,855.1.3,857.0.0,857.0.1,857.1.2,928.0.0,928.0.1
crates/rig-core/src/completion/message/citation.rs	4329cf794adef86e	147/154	19/20	46-51,76-78,100-107,110-113,116-119,122-125,199-204,206-208,211-215,220-223,225,230-236,240-246,249-251,259-262,264,268-273,275-280,283-291,299-313,316,318-319,322-324,327-333,335-336,338-341,343-346,349-354,358-367,369-370	222.0.0,222.0.1,235.0.0,235.0.1,284.0.0,284.0.1,286.0.0,286.0.1,324.0.0,332.0.0,332.0.1,335.0.0,335.0.1,338.0.0,338.0.1,361.0.0,361.0.1,364.0.0,364.0.1
crates/rig-core/src/completion/message/identity.rs	c933841938b617b2	78/96	2/2	29-32,34,36,40-43,46-48,54-56,62-64,68-70,76-78,94-96,100-102,106-108,112-114,118-120,156-158,161-164,166,169-171,175-178,180,196-198,208-210,220-222,239-242,245-247,253-255,259-261	31.0.0,31.0.1
crates/rig-core/src/completion/message/native.rs	e0cec9674aebdf12	81/84	7/8	27-29,32-34,38-40,44-46,50-52,86-95,99-101,126-128,140-142,146-151,157-162,164-167,170-171,173-178,180,183-189,195,198-202,222-227,242-244	100.0.0,100.0.1,100.1.2,100.1.3,175.0.0,175.0.1,198.0.0
crates/rig-core/src/completion/options.rs	ca861b4216e10d5b	135/135	2/2	81-83,89-91,94-96,99-102,105-108,111-114,117-120,123-126,129-132,135-138,141-144,147-150,153-156,161,163-171,173-185,192,194-204,206-214,216,218-219,221,241-243,268-275,277,323-327,329,365-377,397-403	213.0.0,213.0.1
crates/rig-core/src/completion/options/mapping.rs	623486ebe1413df2	62/62	2/2	39,41-62,88-90,93-95,97,99,104-106,112-116,145,147-168	94.0.0,94.0.1
crates/rig-core/src/completion/options/merge.rs	9e6c7745381ae134	503/520	91/100	30-32,35-37,40-44,47,49,53-55,63-65,170-172,181-183,189-191,200-206,208,223-229,232-247,249,256,259,263-272,274-276,279-282,284-293,295-296,303,309-311,315-316,319,321-329,331-357,359-360,374-389,391-400,407-415,417-421,423-428,442,446-449,451-459,463-467,469-471,498-508,516-535,537-538,550-551,563-565,579-587,589-591,594-599,607-614,620-643,650-653,655,658-664,666,669-679,683-691,693-699,701-705,708,712-718,721,725-734,736-739,748-754,756-761,778-787,790-799,801-805,807-810,812-819,825-842,844-847,849-850,853-859,863-875,878-883,886-895,897-905,907-913,915-921,923-927,929-931,935-936	44.0.1,241.0.0,241.0.1,285.0.0,285.0.1,291.0.0,291.0.1,303.0.0,333.0.0,333.0.1,336.0.0,336.0.1,339.0.0,339.0.1,342.0.0,342.0.1,345.0.0,345.0.1,348.0.0,348.0.1,351.0.0,351.0.1,354.0.0,354.0.1,357.0.1,414.0.0,414.0.1,423.0.0,423.0.1,506.0.0,506.0.1,522.0.0,522.1.2,522.1.3,531.0.0,531.0.1,532.0.0,532.0.1,535.0.1,586.0.0,586.0.1,591.0.0,594.0.0,594.0.1,596.0.0,596.0.1,607.0.0,607.0.1,627.0.0,627.0.1,637.0.0,637.0.1,672.0.0,672.0.1,687.0.0,687.0.1,687.1.2,687.1.3,693.0.0,693.0.1,702.0.0,702.0.1,732.0.0,752.0.0,752.0.1,757.0.0,757.0.1,790.0.0,790.0.1,808.0.0,808.0.1,825.0.0,825.0.1,840.0.0,870.0.0,870.0.1,873.0.0,873.0.1,873.1.2,873.1.3,881.0.0,881.0.1,890.0.0,890.0.1,907.0.0,916.0.0,916.0.1,917.0.0,917.0.1,919.0.0,919.0.1
crates/rig-core/src/completion/provider_options.rs	45e1090b42ff2525	177/188	13/16	77-84,105-112,114,147-153,178-181,183,187-193,196-197,215-217,225-232,256-263,265-266,270-287,294-300,304-306,309-311,314-316,319-321,326-331,334-336,339-344,347-353,355-357,359,362,364-365,367-370,373,378-386,389-390,410-414,416,420-422,426-433,435,439-444,447-456,458-459	111.0.0,111.0.1,193.0.0,276.0.0,276.0.1,363.0.0,368.0.0,368.0.1,382.0.0,382.0.1,427.0.0,427.0.1,448.0.0
crates/rig-core/src/completion/request.rs	142ecc9e5bcd2819	648/698	43/50	42-44,47-48,50-57,60,76-86,105-110,113-116,143-145,147,149,154-156,160-161,163-164,167-168,172,176,241-258,261-263,271-274,280-282,284-287,293,295,297,300-302,305-307,310-312,319-321,325-328,337-346,348,350-351,354,356,358,360,363-368,372-374,377-385,389-397,402-410,419-424,428-431,435-441,444-449,452-460,484,486-495,497-506,571-582,585-587,590-593,596-599,602-605,609-612,616-619,635-638,681-683,688-693,695-700,702,705-714,717-726,730-733,737-740,744-747,751-754,759-761,769,771-776,778,783-786,788,793-796,805-815,817-828,923-928,931-934,937-940,1003-1006,1008,1029-1034,1036-1037,1041,1043-1049,1051-1054,1059-1060,1064-1073,1078-1080,1082-1085,1087-1090,1092-1093,1095-1101,1109-1120,1122,1124-1128,1130,1132-1134,1136-1139,1141-1142,1148,1151-1153,1155-1158,1181-1183,1186-1202,1206-1210,1213-1217,1221-1223,1227-1232,1235-1238,1241-1244,1247-1249,1252-1257,1262-1264,1268-1272,1277-1298,1301-1305,1309-1313,1316-1320,1325-1329,1333-1336,1343-1346,1360-1363,1369-1372,1378-1381,1387-1390,1396-1399,1405-1408,1414-1417,1423-1426,1432-1435,1441-1444,1451-1454,1479-1482,1486-1488,1491-1495,1498-1500,1505,1510,1513-1515,1519-1521,1525-1527,1533-1535,1542-1547,1549-1554	47.0.0,47.0.1,144.0.0,144.0.1,338.0.0,338.0.1,341.0.0,341.0.1,350.0.0,350.0.1,354.0.0,354.0.1,403.0.0,403.0.1,423.0.0,700.0.0,700.0.1,776.0.0,776.0.1,806.0.0,806.0.1,809.0.0,809.0.1,1030.0.0,1030.0.1,1047.0.0,1047.0.1,1052.0.0,1052.0.1,1083.0.0,1083.0.1,1097.0.0,1097.0.1,1116.0.0,1128.0.1,1255.0.0,1255.0.1,1492.0.0,1492.0.1,1546.0.0,1546.0.1,1551.0.0,1551.0.1
crates/rig-core/src/driver.rs	5ff263f5c672fb2e	478/500	45/46	62-64,88-93,101-104,106-113,115,144-148,151-153,156-158,164-166,184-197,200-202,206-209,212-216,219-222,226-229,233-238,240-242,251-253,256-258,262-264,270-275,278-284,288-300,305-307,310-316,320-328,332-337,342-362,364-365,377-385,388,409,416,418-423,426-427,429,440,450,456,477-478,480-484,486,511-516,518,520,524-534,536-544,546-558,561,565-572,574-583,585,587,593-602,604-607,610-619,621-624,626-627,631-638,644-663,665-667,670-671,674-680,685-690,695-697,699-703,705-712,714-723,725,727-731,733-735,740-748,751-759,770-772,774,777,779,783,800-804,807,814-817,831-833,836-843,850-864,866,869-878,880-884,889-898,900-901,904-905,908,914-917,924-926,928-929,933-934,939,970-976	107.0.0,107.0.1,112.0.0,112.0.1,536.0.0,536.0.1,544.0.0,544.0.1,547.0.0,547.0.1,547.1.2,547.1.3,550.0.0,550.0.1,574.0.0,574.0.1,578.0.0,578.0.1,579.0.0,579.0.1,622.0.0,622.0.1,635.0.0,635.0.1,652.0.0,652.0.1,658.0.0,658.0.1,661.0.0,661.0.1,670.0.0,670.0.1,671.0.1,874.0.0,874.0.1,904.0.0,904.0.1,905.0.0,905.0.1,916.0.0,916.0.1,971.0.0,971.0.1,972.0.0,972.0.1
crates/rig-core/src/driver/dyn_model.rs	afc6756d67f37ef0	88/88	0/0	36-38,40-47,49-51,92-96,104-106,110-114,118-123,128-130,133-135,141-143,146-148,153-158,161-167,170-182,185-187,190-197,224-229	
crates/rig-core/src/driver/http_transport.rs	79290033ddca9d8a	325/338	41/48	22,24-32,35-37,40-41,44-52,54-55,57-61,65,67-71,85-87,89-91,93-97,99-103,107-114,117-120,127-128,130-136,140-160,165-170,173-174,176-181,183,186,188-205,208-214,216-218,220-222,252-256,261-265,276-289,291-293,296-297,302-313,320-326,328-341,345-353,357-364,368-376,385-395,397-404,406-408,411-414,419,429-431,433-438,449-453,455,457-468,470-475,478,480-481,484,493-496,498-501,505,520-534,536,538-543	35.0.0,35.0.1,36.0.0,36.0.1,59.0.0,59.0.1,94.0.0,94.0.1,117.0.0,127.0.0,127.0.1,173.0.0,173.0.1,191.0.0,191.0.1,193.0.0,196.0.0,208.0.0,208.0.1,262.0.0,262.0.1,303.0.0,303.0.1,304.0.0,322.0.0,322.0.1,328.0.0,328.0.1,370.0.0,370.0.1,390.0.0,390.0.1,393.0.0,393.0.1,495.0.0,495.0.1,528.0.0,528.0.1,530.0.0,534.0.1,534.1.3
crates/rig-core/src/driver/local.rs	f7f5590d0a25bafe	45/55	0/0	61-68,71-74,77-80,84-91,111-115,117-119,121-123,133-135,137-141,147,149	
crates/rig-core/src/effect/key.rs	b69de58753c7b6de	21/43	0/0	36-41,44-46,54-56,73-75,78-80,104-106	
crates/rig-core/src/effect/mod.rs	a6bb835fc46a5443	337/387	23/28	41-43,46-48,52-54,68-70,74-76,110-113,115,117-121,123-125,128,130-132,134,136-142,145-147,151-163,167-169,173-175,179-181,185-187,198-200,204-207,216-221,223-228,237-242,245,247-252,277-285,287,291-293,314-317,320,323,374-376,379-381,384-386,389-391,395-397,401-403,439-442,444-447,456-460,463-465,467,470-472,474,477-479,481,484-486,488,491-493,495,515-517,534-536,539-541,557,560-568,570-571,573-579,584,586,588,608-619,679-687,689,763-771,773,777-779,785,787,791-793,799,801,888-892,894-896,898,1024-1027,1031,1033,1064-1069,1072,1077-1079,1082-1084,1087-1089,1092-1094,1097-1099,1102-1104,1107-1109,1112-1114,1117-1119,1128-1141,1145-1146,1150-1163,1166-1172,1174-1175,1179-1181,1188-1190	112.0.0,112.1.2,119.0.0,120.0.0,120.0.1,120.1.2,120.1.3,121.0.0,121.0.1,131.0.0,131.1.2,152.0.0,152.0.1,155.0.0,155.0.1,159.0.0,159.0.1,1135.0.0,1135.0.1,1158.0.0,1158.0.1,1167.0.0,1167.0.1
crates/rig-core/src/embeddings/builder.rs	b37a3df82ce1ccb5	82/91	3/4	39-44,47-49,51,53-54,58-61,63-64,83-86,96-98,103-105,107-112,114-115,117-120,122-132,134-137,139-140,143-145,147-149,151,153-154,156-163,167-171,182,185-186	143.0.0,157.0.0,157.0.1
crates/rig-core/src/embeddings/distance.rs	bcdf0ad5c8368ec2	40/41	0/0	45-47,49-50,52,55-56,58,60,62-63,65-66,68-70,72-74,76-78,87-92,94-98,100-105	
crates/rig-core/src/embeddings/embed.rs	19838640683ae8a5	25/67	0/0	53-55,59-63,66-69,73-76,94-97,156-158,160-161	
crates/rig-core/src/embeddings/embedding.rs	64f6ea903187dd6f	43/47	0/0	24-26,31-33,37-39,44,76-86,91-99,101,116-118,130,132-133,138,141-143,145,147	
crates/rig-core/src/embeddings/tool.rs	d51ce1bbfc59fdea	13/13	0/0	28-33,47-49,52-54,56	
crates/rig-core/src/error.rs	29882ce590d0bd11	420/441	14/14	83-102,104,146-158,161-164,167-170,173-176,179-182,185-188,191-193,198-202,205-207,210-214,217-220,223-225,229-231,242-246,248,254-256,260-262,265,269-277,382-392,394-395,411,413,415,421-426,428,432-434,439-441,445-447,451-453,458-459,461-465,467,470-475,477,479,482-483,485,491-495,498-499,501,504-510,512,516-519,523-525,528-531,534-537,557-560,564-569,572-577,581-583,587-589,593-595,598-600,603-606,608,610,612,614-619,627-640,642,644,648-650,654-656,660-662,677-679,682-684,687-690,692,696-699,703-705,709-711,715-717,721-723,727-729,733-737,739-749,751,755-757,762-764,772-776,780-792,807-815,825,827-828,830,832-840,845-847,851-855,857-868,872-874,878-885,888,890,894-904,907-913,915-921,923-925,927-935,937,941-943	246.0.0,246.0.1,272.0.0,272.0.1,628.0.0,628.0.1,734.0.0,734.0.1,827.0.0,827.0.1,833.0.0,833.0.1,836.0.0,836.0.1
crates/rig-core/src/error/retry.rs	09a27d69324981a7	111/122	29/38	51-52,54-65,67,69,74-78,108-115,117-118,123-134,142-157,192-195,199-204,207-209,212-223,226,230-240,242,246-250,254-262	52.0.1,55.0.0,55.0.1,55.1.3,58.0.0,58.0.1,62.0.0,115.0.1,118.0.1,143.0.0,143.0.1,146.0.0,146.0.1,149.0.0,149.0.1,156.0.0,156.0.1,193.0.0,193.0.1,194.0.0,194.0.1,200.0.1,201.0.1,202.0.0,202.0.1,214.0.0,214.0.1,240.0.1,255.0.1
crates/rig-core/src/id.rs	a9d805da01667940	51/67	0/0	17-19,34,36-37,42,45-48,51,55-58,60,63-65,81-83,87-89,95-99,131-133,136-138,147-149,159-161,171-178	
crates/rig-core/src/image_generation.rs	7f06ba60e9db2bd0	37/37	0/0	54-64,89-98,101-104,107-110,114-118,121-123	
crates/rig-core/src/json_utils.rs	3f95f72d33fbf11a	297/320	44/52	12-14,18-24,26-29,36-42,44-45,48,52-62,64-65,70,72-74,76-82,86,91-97,99,103-109,115-118,120,123-125,130-132,134-137,139,143-146,148-149,154,158-160,162-173,175-193,195,198-211,213-215,217-218,237-248,250-255,260-275,277-280,283-284,286,288-289,294,297-298,302-307,309,311,313-321,323,325,333-335,337-339,341-343,345-350,354-358,360-362,364,366,371-374,388-390,392-394,396-398,400-401,403-405,407-409,418-420,422-423,426-427,433-436,438-439,480-482,484-486,496-500,502,504-506,508-510,512-516,518-520,522-524,530-531,533	104.0.0,104.0.1,144.0.0,144.0.1,165.0.0,165.0.1,187.0.0,187.0.1,187.1.2,187.1.3,187.2.4,187.2.5,187.3.7,189.0.0,189.0.1,190.0.0,190.0.1,190.1.2,190.1.3,190.2.5,198.0.0,198.0.1,207.0.0,207.0.1,211.0.0,211.0.1,238.0.0,238.0.1,245.0.0,245.0.1,264.0.0,264.0.1,265.0.0,265.0.1,278.0.0,289.0.1,305.0.0,305.0.1,320.0.0,320.1.2,320.2.4,320.2.5,346.0.0,346.0.1
crates/rig-core/src/lib.rs	e6319566818edd82	0/10	0/0		
crates/rig-core/src/loaders/epub/loader.rs	ce9ac5b93044c72f	82/96	6/8	21-23,25-28,82-87,110,112-113,115-121,123,141-143,145-146,148-154,156,212,214-215,217-224,226,250,252-259,261,273-275,279-285,294-297,300-301,303-305,307,309-310,316	295.0.0,295.0.1,300.0.0,303.0.0,303.0.1,307.0.0
crates/rig-core/src/loaders/epub/text_processors.rs	57acd3b06b845557	44/44	8/8	18-20,42-43,45-47,50-54,56-60,62,64,69-76,79-88,90-93,97-98	69.0.0,69.0.1,70.0.0,70.0.1,82.0.0,82.0.1,83.0.0,83.0.1
crates/rig-core/src/loaders/file.rs	e2a1f299c893ee92	20/24	0/0	37-43,47-49,81-85,102-106	
crates/rig-core/src/loaders/mod.rs	461483e8eae81f19	40/61	0/0	23-28,83-87,93-95,100,102-103,105,111-116,118-122,124,147-151,154-158	
crates/rig-core/src/loaders/pdf.rs	4991d8bfe859b5fa	46/66	0/0	37-40,44-46,77-81,99-103,107-118,197,199-201,204,232,234,236,257,259-265,267	
crates/rig-core/src/memory.rs	9a23306b2d9a52e2	99/104	0/0	68-70,72-73,118-123,125-131,133-138,146-152,162-169,217-223,276-278,282-284,286-288,290-296,308-315,317-319,321-322,324-337,339-348	
crates/rig-core/src/model/listing.rs	5b2dc45316b29a71	92/95	2/2	53-64,67-78,81-83,87-89,101-103,106-108,111-113,116-118,125-127,141-144,146-151,153-154,156-162,164-165,167,171-178,182-186,188-192,194-198,200,202	146.0.0,146.0.1
crates/rig-core/src/observe/adapter.rs	2c61a7ab8ec51fd2	343/348	26/34	18-20,26-28,149-152,154-159,161,164-167,169-173,175,199,202-203,205,207-208,210-219,240,242-247,249,316-318,322-336,345-355,360-368,370-372,374-392,394,399-408,410-415,417-430,446-448,450-454,456-458,461-463,465-468,471-481,483-493,495-496,499-500,502-514,518-520,548-550,553-555,558-560,568-580,584-593,597-609,612-617,619-621,623-636,638-647,650-659,661-679,681-690,692-697,699-701,703,705,707,709-720	417.0.0,417.0.1,466.0.0,466.0.1,471.0.0,471.0.1,488.0.0,488.0.1,503.0.0,503.0.1,569.0.0,585.0.0,602.0.0,602.0.1,604.0.0,604.0.1,628.0.0,639.0.0,651.0.0,662.0.0,662.0.1,682.0.0,693.0.0,700.0.0,700.0.1,710.0.0
crates/rig-core/src/observe/adapter/scrub.rs	44df427271077fbc	125/125	25/26	7-14,16-19,22-25,27-35,38-45,47-49,51-55,57-61,65-78,80-86,88-92,94,96-120,122-125,127-130,133-151	17.0.0,17.0.1,30.0.0,30.0.1,32.0.0,32.0.1,44.0.0,44.0.1,51.0.0,70.0.0,70.0.1,71.0.0,71.0.1,72.0.0,72.0.1,96.0.0,96.0.1,102.0.0,102.0.1,106.0.0,106.0.1,106.1.2,106.1.3,108.0.0,108.0.1
crates/rig-core/src/observe/mod.rs	68426a17459a213b	126/183	6/10	59-68,101-106,144-149,152-157,197-202,206-208,354,356-357,359,362-365,367,369,406-408,449-451,457-470,474-480,486-496,505-508,510-512,517-519,522-530,538-540,544-559,563-565	364.0.0,364.0.1,550.0.0,550.0.1,552.0.0,552.0.1
crates/rig-core/src/observe/sse_tail.rs	5ffb3fabb213b120	40/42	18/18	15,17-28,31-33,35,37-39,42-58,61-63	18.0.0,18.0.1,19.0.0,19.0.1,21.0.0,21.0.1,38.0.0,38.0.1,38.1.2,38.1.3,42.0.0,42.0.1,49.0.0,49.0.1,49.1.2,49.1.3,50.0.0,50.0.1
crates/rig-core/src/operation.rs	fa1893fb6877d40a	11/14	0/0	64-66,70-72,90-94	
crates/rig-core/src/operation/completion.rs	2d7327df189401ed	959/990	156/178	49-54,56-70,72-76,78,80,82-83,85-90,92,95-97,107-111,119,122-127,130,133-140,143-148,150,152-156,160-163,311-314,319,340-341,344-347,355-358,362-364,366-369,371-373,378-389,392-395,398,403-405,422-426,431,433-434,436,438-440,442-449,451-461,465-487,492-495,498-500,503-507,509-513,515-517,519-526,530-543,545-548,550-565,567,569-585,587-592,595,597-599,601-604,616-629,637-646,648-649,651-653,657-663,666-670,672-679,681-682,685-689,692-698,700,702-711,713-716,719-721,723-724,728,730-731,734-741,744-756,760-769,771-775,777-781,788-798,803-811,816,818-820,822-826,828-831,833,835,837,843,845-854,864-867,869-873,876-878,880-883,885,888-901,903,905-908,910-916,918-924,926-931,933-938,940,942-944,950-959,961,963-970,972,974,977,979-980,982,988-991,993,996-998,1007-1017,1019-1023,1025,1029-1032,1034,1036-1047,1052-1063,1065-1079,1081,1083-1088,1090-1091,1094-1111,1113-1120,1125-1131,1148-1160,1163-1169,1171,1174-1178,1180,1182-1183,1186-1188,1190,1192,1194-1200,1202,1206-1208,1214,1216-1219,1222-1235,1238,1241-1246,1248-1249,1251-1255,1257-1264,1266-1273,1275,1277-1278,1280-1282,1288-1293,1300-1303,1309-1318,1322-1326,1333-1343,1345,1347,1356-1360,1364-1368,1372-1382,1384-1385,1390-1400,1406-1411,1417-1422,1428-1434,1436,1438,1440-1441,1455-1460,1462-1468,1470-1471,1473-1476,1478-1483,1487-1489,1492-1505,1507-1508,1512-1520,1522-1525,1531-1533,1536-1546,1550-1559,1562-1564,1570-1574,1578-1582,1590-1594,1598-1602,1607-1611,1616-1622,1624-1625	80.0.0,80.0.1,111.0.0,133.0.0,133.0.1,143.0.0,143.0.1,344.0.0,344.0.1,344.1.2,344.1.3,347.0.1,363.0.0,363.0.1,364.0.0,364.0.1,369.0.1,379.0.0,379.0.1,383.0.0,383.0.1,393.0.0,404.0.0,404.0.1,432.0.0,432.0.1,438.0.0,438.0.1,439.0.0,439.0.1,452.0.0,452.0.1,526.0.1,553.0.0,553.0.1,575.0.0,575.0.1,602.0.0,616.0.0,616.0.1,643.0.0,643.0.1,648.0.0,648.0.1,667.0.0,667.0.1,687.0.0,687.0.1,687.1.2,687.1.3,703.0.0,703.0.1,703.1.2,703.1.3,703.2.4,703.2.5,716.0.0,716.0.1,723.0.0,723.0.1,734.0.0,734.0.1,744.0.0,744.0.1,768.0.0,768.0.1,777.0.0,777.0.1,796.0.0,796.0.1,797.0.0,797.0.1,803.0.0,803.0.1,810.0.0,810.0.1,819.0.0,819.0.1,830.0.0,830.0.1,919.0.0,919.0.1,926.0.0,958.0.0,958.0.1,963.0.0,963.0.1,970.0.1,1014.0.0,1014.0.1,1030.0.0,1030.0.1,1030.1.3,1031.0.0,1031.0.1,1062.0.0,1062.0.1,1067.0.0,1067.0.1,1075.0.0,1075.0.1,1094.0.0,1094.0.1,1095.0.0,1095.0.1,1102.0.0,1102.0.1,1108.0.0,1108.0.1,1126.0.0,1126.0.1,1153.0.0,1153.0.1,1187.0.0,1187.0.1,1216.0.0,1216.0.1,1219.0.0,1223.0.0,1223.0.1,1244.0.0,1244.0.1,1249.0.1,1252.0.0,1258.0.0,1267.0.0,1281.0.0,1281.0.1,1408.0.0,1408.0.1,1436.0.0,1473.0.0,1473.0.1,1476.0.0,1476.0.1,1476.1.2,1476.1.3,1479.0.0,1482.0.0,1496.0.1,1502.0.0,1502.0.1,1507.0.0,1507.0.1,1513.0.0,1513.0.1,1521.0.0,1531.0.0,1531.0.1,1536.0.0,1536.0.1,1537.0.0,1537.0.1,1541.0.0,1541.0.1,1555.0.0
crates/rig-core/src/operation/listing.rs	2a240f0db2196b92	14/14	0/0	40-42,55-65	
crates/rig-core/src/operation/modality.rs	8ed69d44ed443a10	80/83	2/2	56-65,67-68,70,72-78,80,82,103-107,120,122-127,149,160-162,174,185,197,209,226-232,235-256,271-279	240.0.0,240.0.1
crates/rig-core/src/operation/verify.rs	245027644b857829	21/24	0/0	29-31,42-44,46-48,64-66,71-76,79,81,83	
crates/rig-core/src/provider_response.rs	60e2ebe037907619	184/184	21/22	44-50,54-65,72-77,81-84,89-94,97-100,104-107,117-126,128-129,134-138,142-148,150,153-156,159-162,165-168,172-175,178-185,207,209-214,216-217,221,223-239,257-259,300,303-310,312-313,315,324-333,336-339,341-342,344-347,349,352-355,361-373,375-378,382-384,392-396	90.0.0,118.0.0,118.0.1,121.0.0,121.0.1,178.0.0,178.0.1,181.0.0,181.0.1,304.0.0,304.0.1,308.0.0,308.0.1,309.0.0,309.0.1,325.0.0,325.0.1,329.0.0,329.0.1,330.0.0,330.0.1
crates/rig-core/src/providers/anthropic/completion.rs	f3bea8339aa5e9ba	710/736	151/174	82-84,90-96,98,101-103,108-110,114-116,133-142,146-151,153-158,160,172-177,180-187,189-204,206,210-228,232-256,258-259,262-263,265-267,269,272-274,277-282,286-296,298,300-305,308-309,313-327,330-335,337-339,341,345-351,355-356,358-359,361-363,365,371-376,379-384,386-387,390-394,396-407,411,414,418-420,425-428,430-433,435-436,439,444-448,450-451,454-455,457-458,460-462,464,466,469-475,477-479,483,488-508,519-529,531-550,554-555,561-569,574,576-584,586-589,591-592,596-603,610-621,623-625,628-631,633,636-638,646-654,658,667-678,680-689,691-693,695-710,712-755,757-758,762-769,771,780-787,789-798,820-825,827-831,833,835-843,845-846,848,852-856,858,860,864-873,875-883,890-893,897-902,906-908,912-917,919-926,928,930-931,934-935,939,942-946,948,950,953-954,958,961-964,966,971-973,975,977-980,982-988,992,995-1008,1010-1011,1013-1014,1016-1024,1026-1035,1037-1038,1040-1043,1046-1054,1056-1093,1095-1097	139.0.0,139.0.1,140.0.0,140.0.1,182.0.0,182.0.1,191.0.0,191.0.1,191.1.2,191.1.3,194.0.0,194.0.1,218.0.0,218.0.1,232.0.0,232.0.1,319.0.1,376.0.0,376.0.1,391.0.0,391.0.1,391.1.3,496.0.0,496.0.1,529.0.1,531.0.0,531.0.1,532.0.0,532.1.2,532.1.3,536.0.0,537.0.0,538.0.0,538.0.1,545.0.0,545.0.1,545.1.2,545.1.3,589.0.0,589.0.1,592.0.0,596.0.0,596.0.1,620.0.0,620.0.1,651.0.0,651.0.1,676.0.0,676.0.1,685.0.0,685.0.1,692.0.0,692.0.1,693.0.0,693.0.1,702.0.0,702.0.1,703.0.0,703.0.1,703.1.2,703.1.3,709.0.0,709.0.1,710.0.0,710.0.1,712.0.0,712.0.1,722.0.0,722.0.1,723.0.0,723.0.1,724.0.0,730.0.0,730.0.1,730.1.2,730.1.3,730.2.4,730.2.5,736.0.0,748.0.0,748.0.1,750.0.0,750.0.1,783.0.0,783.0.1,784.0.0,784.0.1,787.0.1,791.0.0,791.0.1,792.0.0,792.0.1,792.1.2,792.1.3,822.0.0,822.0.1,830.0.0,830.0.1,835.0.0,835.0.1,840.0.0,840.0.1,883.0.0,890.0.0,890.0.1,902.0.0,908.0.0,912.0.0,912.0.1,914.0.0,914.0.1,921.0.0,928.0.1,935.0.0,939.0.0,945.0.1,954.0.0,958.0.0,962.0.0,962.0.1,972.0.0,972.0.1,995.0.0,995.0.1,1026.0.0,1026.0.1,1029.0.0,1029.0.1,1033.0.0,1033.0.1,1038.0.0,1038.0.1,1038.1.3,1041.0.0,1041.0.1,1041.1.3,1049.0.0,1049.0.1,1053.0.0,1053.0.1,1054.0.0,1054.0.1,1056.0.0,1056.0.1,1065.0.0,1065.0.1,1066.0.0,1069.0.0,1069.0.1,1077.0.0,1077.0.1
crates/rig-core/src/providers/anthropic/extension.rs	33c75bbb10c39273	222/229	36/38	107,109-152,159-163,168-171,174-177,180-183,186-189,192-195,198-201,204-207,210-213,216-219,222-225,234-247,250-261,300-305,308-311,315-324,340-344,347,374-376,395-401,404-407,434-436,453-459,462-465,469,471-483,597-602,604-630,649-650,654-656	121.0.0,121.0.1,124.0.0,124.0.1,127.0.0,127.0.1,130.0.0,130.0.1,133.0.0,133.0.1,136.0.0,136.0.1,139.0.0,139.0.1,142.0.0,142.0.1,145.0.0,145.0.1,148.0.0,148.0.1,247.0.0,251.0.0,251.0.1,251.1.2,251.1.3,254.0.0,254.0.1,254.1.2,254.1.3,320.0.0,320.0.1,479.0.0,479.0.1,598.0.0,598.0.1,650.0.1
crates/rig-core/src/providers/anthropic/modality.rs	348bd8966f4178ce	56/63	2/2	28-32,35-39,56-58,60-63,65,67-69,74-76,79,81,83-87,108-110,119-121,123-127,129-136,158-161,165,167	131.0.0,131.0.1
crates/rig-core/src/providers/anthropic/options.rs	93f6cb4fb913146c	281/291	43/48	22-27,30-33,35-39,42-45,49,51-53,55-59,61,63,66-67,69-72,74,76-77,79-80,82-83,85-87,90,96-103,105-109,111,117-118,120-130,133,136-138,141-149,151,153,155-158,160-163,165,168-175,177-188,190-194,198-199,201,203-207,211-226,228,232,234-246,248-250,252,254,257-260,262,264-268,273-277,279-288,290,293,295-304,306-322,326-329,331,334-335,339-340,342,346,348-357,360-364,366-371,373,377,379-390,392-405	30.0.0,30.0.1,38.0.0,38.0.1,52.0.0,52.0.1,56.0.0,56.0.1,66.0.0,66.0.1,76.0.0,76.1.2,76.1.3,79.0.0,79.0.1,82.0.0,82.0.1,102.0.0,102.0.1,118.0.1,121.0.0,121.0.1,148.0.0,148.0.1,157.0.0,157.0.1,160.0.0,160.0.1,161.0.0,161.0.1,162.0.0,162.0.1,162.1.2,162.1.3,188.0.0,188.0.1,194.0.0,194.0.1,246.0.0,249.0.0,249.0.1,254.0.1,321.0.0
crates/rig-core/src/providers/anthropic/streaming.rs	55239bf3cc7c0bd5	385/396	41/46	56-58,61-65,68,71-74,76-79,81,97-98,100-108,110,115-118,120-127,129,135-136,139-141,143-151,153,155-156,163-173,175-188,190-191,193,195-206,242-247,250-258,261-286,289-294,299,301,303-310,312-318,324-333,335-339,342-344,348-349,351-357,359-361,363-367,369-378,381-385,387,391-394,402-403,406-413,415-416,418,420-424,427-429,431,433,435-436,439-444,446,448,451-456,458-463,469-487,489-502,507-516,522-523,525-530,532,536-537,541-544,547,553-556,560-563,565-571,574-577,579-581,583-585,587-590,593-594,596-598,602-605,609,611-612,620-622,624-635,637-642	73.0.0,73.0.1,196.0.0,196.0.1,202.0.0,202.0.1,261.0.0,261.0.1,262.0.0,262.0.1,342.0.0,342.0.1,348.0.0,357.0.0,357.0.1,364.0.0,364.0.1,373.0.0,382.0.0,382.0.1,403.0.0,418.0.0,418.0.1,439.0.0,439.0.1,443.0.0,443.0.1,480.0.0,480.0.1,481.0.1,489.0.0,489.0.1,514.0.0,575.0.0,575.0.1,593.0.0,593.0.1,621.0.0,621.0.1,639.0.0,639.0.1
crates/rig-core/src/providers/anthropic/streaming/document.rs	0947055d5e38be2b	137/146	42/58	32-34,37-44,47-52,54-61,63,65-69,72-75,78-88,91-97,99-106,111-113,115-116,118-121,123-128,130-135,137-138,141-149,153,158-162,167,169-170,172-177,179-184,187-191,193-196,198-201,203,206,208,210-216	52.0.1,55.0.0,56.0.0,56.0.1,59.0.0,72.0.0,72.0.1,78.0.0,82.0.0,82.0.1,83.0.0,88.0.0,91.0.0,91.0.1,103.0.0,112.0.0,112.0.1,115.0.0,115.0.1,118.0.0,124.0.0,130.0.0,135.0.1,138.0.0,146.0.0,146.0.1,146.1.2,146.1.3,146.2.4,146.2.5,159.0.0,159.0.1,159.1.2,159.1.3,169.0.0,169.0.1,174.0.0,180.0.0,188.0.0,194.0.0,194.0.1,199.0.0
crates/rig-core/src/providers/anthropic/wire.rs	575103fba96adc87	291/299	28/30	88-95,100-107,136-138,142-144,148-151,155-157,162-176,181-184,186,248-250,255-263,266-268,271-273,277-288,297-300,303-306,309-323,326-328,331-343,345-346,348,350,355-360,362-363,401-408,420-423,447-450,466-469,486-489,500-509,512-513,515-531,533-537,539-545,548-550,552-554,559-565,567-569,571-573,575-577,579-581,588-594,597-607,613,615-618,620,624-631,635-640,644-646,648,650,656-659,665-669,672-675,677-679,683-686,688-692,694,696-697	282.0.0,283.0.0,341.0.0,341.0.1,345.0.0,345.0.1,358.0.0,358.0.1,517.0.0,517.0.1,590.0.0,590.0.1,591.0.0,591.0.1,592.0.0,592.0.1,593.0.0,593.0.1,594.0.0,594.0.1,645.0.0,645.0.1,657.0.0,657.0.1,689.0.0,689.0.1,691.0.0,691.0.1
crates/rig-core/src/providers/azure/extension.rs	f840c9db4b9298ed	41/41	0/0	61-63,66-69,72-75,78-81,85-87,91-93,96-98,101-103,106-108,111-113,140,142-147,149	
crates/rig-core/src/providers/chatgpt/auth/mod.rs	0cf2fc7d438beadf	27/32	0/0	90-103,109-113,115-120,122,128	
crates/rig-core/src/providers/chatgpt/auth/native.rs	bd66d3a873ee1e9d	101/363	8/36	94-99,101-102,104-109,112-117,119,131,133-137,142,432-437,439-449,451,453-457,459-467,469-476,478-483,485-491,493-495,497,499,512,514-516,525-526,528-531,534-537,541	101.0.0,101.0.1,102.0.0,109.0.1,119.0.1,133.0.0,493.0.0,531.0.1
crates/rig-core/src/providers/chatgpt/auth/native/browser.rs	76ebfeba96a2e82b	146/230	18/28	46-48,51-56,58-60,64-85,101-104,106-116,119,121-126,129-132,134,167-169,176-187,189-194,196-199,203-208,214,217-225,238-240,243-247,255-256,261,265,267-273,278-280,282-283,285-287,289-290,293,295-297,306-307,311,313,315-318,324,327-328	103.0.0,103.0.1,107.0.0,107.0.1,121.0.0,121.0.1,124.0.0,124.0.1,196.0.0,196.0.1,199.0.1,206.0.0,214.0.0,240.0.1,272.0.0,272.0.1,273.0.1,280.0.1
crates/rig-core/src/providers/chatgpt/extension.rs	fb0ad2293e432cd6	27/27	0/0	48-51,55-60,64-67,117-129	
crates/rig-core/src/providers/chatgpt/mod.rs	1d13a4851eb17c19	3/3	0/0	80-82	
crates/rig-core/src/providers/cohere/chat.rs	eeb97fab1c963852	392/401	31/38	56-63,67-70,73-76,80-86,88,91-102,105-106,108-114,116-122,124-160,164-179,182,184,187-193,200-208,211,213-215,217-219,221-224,226-227,229-230,232-233,235-242,244-254,259,261-263,265,268-289,291-294,296,304-311,313,316-318,322-332,337-345,347,349-350,354-362,364,366-368,370-371,374,378-380,383-388,391-397,399-403,412-417,419-420,422-427,429-432,434-438,440-442,450-454,458-468,471-472,475-477,479-481,484,490-494,497,499-509,513-516,518-519,521,523-525,527-529,531-533,535-537,541-552,556,558-562,564-565,567,570-575,577-579,581-583,588-592,594-596,598	175.0.0,175.0.1,187.0.0,187.0.1,218.0.0,218.0.1,221.0.0,221.0.1,226.0.0,230.0.0,230.1.2,242.0.1,245.0.0,262.0.0,262.0.1,268.0.0,268.0.1,268.1.2,268.1.3,326.0.0,326.0.1,344.0.0,344.0.1,384.0.0,384.0.1,476.0.0,476.0.1,480.0.0,480.0.1,508.0.0,592.0.0
crates/rig-core/src/providers/cohere/embeddings.rs	b356912fd09eba20	151/166	5/8	34-39,41,46-57,63-67,70-75,77,106-109,119-123,125-129,131-136,138-140,150-152,154-168,170-175,195-199,201,204-208,210-215,217-222,224-226,236-238,240-245,247,253-257,260-266,354-359,361-367,380-385,387-389,391-393	204.0.0,204.0.1,247.0.0,381.0.0,381.0.1
crates/rig-core/src/providers/cohere/extension.rs	7d3715cd788ad1e3	48/48	0/0	52-55,59-62,65-68,71-74,78-81,85-88,92-95,136-139,144-145,240-243,245,248,250-256,258	
crates/rig-core/src/providers/cohere/mod.rs	785ab8b8afde43c8	8/8	0/0	62-64,68-72	
crates/rig-core/src/providers/cohere/streaming.rs	d6c1634c973d0612	369/374	45/50	56-58,60-62,64,75-77,80-88,91-95,123-137,139,141-146,149-158,160-163,166-168,171-172,174-179,182-191,195-200,202-222,225-230,233-234,237-247,249-251,258-260,262-267,269-270,274,276-287,290-291,296-300,302-305,307-308,310,312-318,321-326,332-349,352-369,373-378,381,383,385,388-391,393-397,399-403,405-406,408-409,415-420,422,428-432,434-451,454-455,457-460,465-470,474-477,479-486,488,495-505,507-508,510-520,522-524,526-531,533-534,536-538,540-546,548-551,554-560,565,567-568,575-576,579-584,586-588	57.0.0,57.0.1,155.0.0,155.0.1,171.0.0,171.0.1,183.0.0,183.0.1,202.0.0,202.0.1,243.0.0,243.0.1,259.0.0,259.0.1,269.0.0,269.0.1,276.0.0,276.0.1,277.0.0,277.0.1,282.0.0,297.0.0,297.0.1,307.0.0,307.0.1,314.0.0,314.0.1,321.0.0,321.0.1,343.0.1,344.0.1,359.0.0,359.0.1,388.0.0,388.0.1,394.0.0,394.0.1,400.0.0,400.0.1,434.0.0,434.0.1,528.0.0,528.0.1,550.0.0,576.0.0
crates/rig-core/src/providers/cohere/streaming/document.rs	e0767eb671c0bae1	93/97	28/36	44-48,50-52,55,58-60,65-66,69-80,83-88,91-94,96-99,101-104,106-109,111-114,116-119,121-124,126,128-129,131,133,135-148,150-161,163,165	66.0.0,76.0.0,79.0.0,83.0.0,83.0.1,84.0.0,84.0.1,92.0.0,92.0.1,97.0.0,102.0.0,102.0.1,107.0.0,112.0.0,117.0.0,122.0.0,136.0.0,136.0.1,146.0.0,146.0.1,150.0.0,150.0.1,154.0.0,154.0.1,157.0.0,157.0.1,160.0.0,160.0.1
crates/rig-core/src/providers/cohere/wire.rs	b59ad59fa1112bf1	123/135	12/14	48-53,61-64,68-77,118-121,125-129,132-136,139-143,145,157-159,161-163,165,167,169-175,177-180,182,201-203,205-207,209-211,213-215,217-219,221-223,225,227,263-265,267-276,278,283-293,295,297-305,307-308,310,312-314,316,318	162.0.0,162.0.1,222.0.0,222.0.1,264.0.0,264.0.1,267.0.0,267.0.1,270.0.0,270.0.1,313.0.0,313.0.1
crates/rig-core/src/providers/cohere/wire/document.rs	f1663a6ec2a167cf	24/24	2/2	22-31,37-44,46,48-50,52,54	49.0.0,49.0.1
crates/rig-core/src/providers/copilot/auth/mod.rs	dbfb86729f05e6c7	98/111	19/24	30-34,36-37,39-42,44-45,47,50-56,58-61,63-67,69-70,72-74,115-130,135-139,145-147,154,160,178-183,185-190,195-209,211-214,216-219,221-222	40.0.0,40.0.1,44.0.0,44.0.1,44.1.2,44.1.3,51.0.0,51.0.1,51.1.3,51.2.5,54.0.0,54.0.1,54.1.3,54.2.5,59.0.0,59.0.1,73.0.1,211.0.0,211.0.1
crates/rig-core/src/providers/copilot/auth/native.rs	3aff0a7dd5eae9f2	118/239	16/36	44-53,55,61,76,78-90,92-97,99-103,108,110-112,116,193-195,198,207,210,233-241,246,250-253,255-256,258-260,262-265,267-272,274-277,280-284,286-288,290-298,301-308,313,315-318,320,323,334-337,339	51.0.0,51.0.1,55.0.1,88.0.0,88.0.1,103.0.1,194.0.0,194.0.1,207.0.0,237.0.0,251.0.0,251.0.1,259.0.0,259.0.1,268.0.0,268.0.1
crates/rig-core/src/providers/copilot/extension.rs	2aaa37f30d96ce45	4/7	0/0	90,92-93,95	
crates/rig-core/src/providers/copilot/mod.rs	a4e22ac2bb9a3265	51/51	4/4	62-65,67,120-142,145-147,149-150,154,156-164,168-175	145.0.0,145.0.1,163.0.0,163.0.1
crates/rig-core/src/providers/copilot/model_listing.rs	b4224859309c9e33	44/45	0/0	33-37,58-60,62-81,91-93,95-101,104,106-107,109-111	
crates/rig-core/src/providers/copilot/wire.rs	1e400324ad54c725	110/142	5/14	79-81,83,85-88,90-93,96,98,102-112,114-117,119-120,123-125,143-149,153-159,180-183,186-191,195-197,200-202,205-207,226-237,240-241,256-258,261-264,272-274,278-281,311-313,315-320,322-324,326-328	80.0.0,80.0.1,114.0.0,155.0.0,155.0.1
crates/rig-core/src/providers/deepseek/extension.rs	f8378a7ee43108dc	11/12	0/0	38-40,62,64-68,70,72	
crates/rig-core/src/providers/gemini/cached_content.rs	7c5ccf83e65adc3e	252/257	22/22	47-52,55-58,60,62,75-77,79-81,84-86,120-125,128-133,141-146,152-155,161-164,166-169,173-182,184-185,187-195,283-286,288,292-298,300,304-306,308,310,313-317,319-320,336-338,356-361,364-367,371-379,388-401,403-422,425-433,435-437,439,441-447,451-453,463-465,470-475,477-478,480-481,483-484,486-487,489-491,494-495,497-499,510-515,517-523,527-529,533-535,538,543-545,548-550,553-556,558-560,563-565,567,569,574-586	188.0.0,188.0.1,188.1.2,188.1.3,374.0.0,374.0.1,393.0.0,393.0.1,398.0.0,398.0.1,419.0.0,419.0.1,430.0.0,430.0.1,564.0.0,564.0.1,576.0.0,576.0.1,577.0.0,577.0.1,577.1.2,577.1.3
crates/rig-core/src/providers/gemini/caching.rs	64b4fc44b7f98162	524/541	78/98	151-161,170-172,177-187,297,299-301,303,369-377,380-383,387-390,397-399,401-403,406-408,411-415,418-432,435-450,452-463,465-476,479-485,487-489,506-507,510-526,528,530-531,534-535,537,539-543,548-553,556-563,565-575,580-581,584-591,593-596,599,606-614,617-626,628-635,637-639,643-660,662-667,669-675,702-711,713-726,730-736,739-750,753-771,775-793,795-802,805-809,811-843,845-846,849-857,860-879,881-901,903-926,928-944,946-963,965-981,983-994	180.0.0,180.0.1,480.0.0,481.0.0,519.0.0,519.0.1,521.0.0,521.0.1,522.0.0,522.0.1,523.0.0,528.0.1,561.0.0,561.0.1,581.0.0,607.0.0,608.0.0,608.0.1,624.0.0,630.0.0,630.0.1,652.0.0,652.0.1,665.0.0,665.0.1,669.0.0,669.0.1,730.0.0,742.0.0,742.0.1,784.0.0,784.0.1,806.0.0,806.0.1,806.1.2,812.0.0,812.0.1,813.0.0,813.0.1,814.0.0,815.0.0,816.0.0,826.0.0,826.0.1,826.1.2,826.1.3,826.2.4,826.2.5,831.0.0,831.0.1,831.1.2,831.1.3,831.2.4,831.2.5,849.0.0,849.0.1,850.0.0,850.0.1,851.0.0,851.0.1,852.0.0,852.0.1,863.0.0,863.0.1,868.0.0,868.0.1,868.1.2,868.1.3,874.0.0,874.0.1,899.0.0,899.1.2,904.0.0,904.0.1,955.0.0,969.0.0,972.0.0,990.0.0
crates/rig-core/src/providers/gemini/completion.rs	7a2def9a91f277c8	528/545	56/62	109-117,121-124,135-138,145-148,154-167,169,178-184,186,188-202,206-212,214-218,220-223,225-227,231-233,235-237,239-241,243-245,247-249,251-253,255-262,266-268,270-272,274-276,279-286,293-303,314-321,323-325,327,331-333,337-340,347,349-350,352,359-365,369-370,372-375,378-382,384,387,391-394,396-398,400,405-410,430-448,450,454-485,490-505,507-523,525-527,529,532-535,537,542-549,552-557,565-568,571-576,578-583,591-599,601-606,608-614,616,618-622,624,626-637,642-643,645-647,649-651,656-659,664,669-673,680-684,691-701,705-709,711-715,717,719,721-723,725-733,736,744-756,759-765,767-772,774,776-777,779-789,791-792,794,796,799-806,813-815,819-821,823-826,829-832,834-835,837-841,843-849,851,860,862-872,874,882-902	157.0.0,157.0.1,158.0.0,158.0.1,196.0.0,196.0.1,275.0.0,275.0.1,298.0.0,298.0.1,299.0.0,299.0.1,339.0.0,339.0.1,339.1.2,339.1.3,362.0.0,362.0.1,365.0.0,365.0.1,370.0.0,373.0.0,373.0.1,375.0.0,406.0.0,406.0.1,483.0.1,500.0.0,500.0.1,526.0.0,526.0.1,601.0.0,601.0.1,618.0.0,618.0.1,705.0.0,705.0.1,728.0.0,728.0.1,751.0.0,751.0.1,753.0.0,754.0.0,754.0.1,759.0.0,759.0.1,772.0.0,772.0.1,772.1.2,772.1.3,801.0.0,801.0.1,802.0.0,803.0.0,803.0.1,804.0.0
crates/rig-core/src/providers/gemini/completion/cached_content_conflict_matrix.rs	274bb6f9228f740e	75/77	12/14	19-20,22-30,32-37,39,42-45,47-49,52-53,55-60,62-63,66-69,74-77,80-88,93-96,98,103-104,108-122,128	32.0.0,32.0.1,62.0.0,62.0.1,62.1.2,62.1.3,62.2.4,62.2.5,84.0.0,84.0.1,93.0.0,93.0.1
crates/rig-core/src/providers/gemini/embedding.rs	f45b0f4c12f34735	68/70	0/2	32-36,38,57-69,79-83,85-93,96,98-99,101,104,111,113,117,119-120,123-124,126-128,138-140,142-153,155-156,184-186	
crates/rig-core/src/providers/gemini/extension.rs	0f1dc5b779df04f6	317/330	3/6	46-48,74-76,79-82,86-89,92-95,98-101,104-111,116-118,122-124,128-130,135-137,142-144,148-150,154-156,161-166,171-173,209-211,214-217,220-223,226-230,295-297,300-303,306-309,312-315,318-321,324-327,330-333,336-339,342-348,351-354,357-360,363-366,389-391,393,439-441,444-447,450-453,474-480,484-501,504-507,521-527,579-580,583,586,588,591-593,595,600,621-622,625-627,629,632-634,637,640,658-663,667-672,676-686,720-722,725-728,731-734,737-740,743-746,749-753,756-759,762-765,823-828,831-834,837-840,900-906,908,946-970,993-1009	953.0.0,960.0.0,1002.0.0
crates/rig-core/src/providers/gemini/image_generation.rs	73952c1896fd3f68	96/104	6/16	34-56,59-65,67-77,79-83,85-93,96,98,100-101,103,110,125-130,140-142,144-146,150,152-153,155-156,158-160,171-174,176,178-184,189-191	69.0.0,79.0.0,79.0.1,89.0.0,89.0.1,103.0.0
crates/rig-core/src/providers/gemini/interactions_api/mod.rs	8a41754dfa744b95	409/434	31/40	50-56,60-63,73-79,81-85,89-101,103-106,108-110,112,114,116-117,119-121,126-133,135-137,139-141,143-145,147-149,152-154,156-158,162-165,167-174,178-180,182-184,187-191,197-201,203-208,211,233-243,246-249,252-255,268-273,279-286,290-292,294-297,299-314,316-322,325-326,328,330-332,334-336,342-346,349-360,364-377,379-381,383-385,387-389,391-393,395-397,410-412,414-416,432-446,448,452-460,464-468,472-491,494-509,511-512,517-525,529-534,536,540-543,550,552-555,557-560,564-568,570-573,575-577,579-581,586-587,590-594,596,600-608,614,618-623,628-631,633-634,639-647,649-653,657-658,660-663,665-668,670,672-676,678-679	201.0.0,201.0.1,203.0.0,204.0.0,291.0.0,291.0.1,303.0.0,303.0.1,318.0.0,318.0.1,460.0.1,495.0.0,495.0.1,498.0.0,498.0.1,501.0.0,501.0.1,504.0.0,504.0.1,532.0.0,532.0.1,536.0.1,570.0.0,570.0.1,575.0.0,575.0.1,653.0.1,653.1.3,672.0.0,674.0.0,674.0.1
crates/rig-core/src/providers/gemini/interactions_api/streaming.rs	76d750d4bd00d73a	359/371	28/40	94-101,103-112,114,117-121,123-131,134-142,144-150,155-171,173,175-183,185-188,192-195,198-200,205-219,221-223,225-227,230,233-236,238-239,241-246,249-250,253-257,259,261-264,266,268-270,274-279,281-284,287-293,296,299-300,302,305-306,308-314,317-320,322-327,329-334,336,338,340,343-345,347-361,371-392,394,400-417,419-420,422-426,429,431,433-436,438-442,444-446,449-461,463-465,475-488,490,492-496,498-506,508,511-528,531,534-536,538-547,549-552,554-556,558-559,562-565,569-570	146.0.0,146.0.1,180.0.0,216.0.0,216.0.1,227.0.0,236.0.0,238.0.0,238.0.1,239.0.0,255.0.0,282.0.0,288.0.0,288.0.1,290.0.0,305.0.0,305.0.1,306.0.0,306.0.1,309.0.0,317.0.0,317.0.1,325.0.0,325.0.1,330.0.0,434.0.0,550.0.0,559.0.0
crates/rig-core/src/providers/gemini/interactions_api/streaming/document.rs	a7510c8502bea0b6	126/132	32/46	58-60,62-65,67,71-75,77-79,81-83,86-96,99-107,110-112,115-122,125-127,131,135-138,140,142,146-148,150-157,162-167,169-171,176,178-179,181-184,186,188-197,199-202,204-207,209-212,214-215,217,219-229,231,233	60.0.0,60.0.1,60.1.3,63.0.0,96.0.0,102.0.0,112.0.0,117.0.0,118.0.0,135.0.0,135.0.1,136.0.0,147.0.0,147.0.1,150.0.0,150.0.1,167.0.1,178.0.0,178.0.1,195.0.0,200.0.0,205.0.0,210.0.0,210.0.1,220.0.0,220.0.1,223.0.0,223.0.1,223.1.2,223.1.3,228.0.0,228.0.1
crates/rig-core/src/providers/gemini/mod.rs	82d77cdadb5dcf60	29/29	2/2	67-72,75-77,80-83,87-92,96-99,105-107,110-112	89.0.0,89.0.1
crates/rig-core/src/providers/gemini/model_listing.rs	1819923027f7f2f1	114/142	3/4	18-33,35-42,51-56,58-67,70-74,76,80-82,85-87,107-114,116-117,119,121-122,124-125,137-139,149-151,154-157,159,161-163,176-178,193-196,198,213-217,219-223,225-230,233,245-247,261-262,265,267,269	38.0.0,38.0.1,56.0.1
crates/rig-core/src/providers/gemini/options.rs	a6a3ff37bbea209f	188/198	24/26	54-59,61,63-65,67-70,72-73,75-78,81-82,84,93-118,120-124,126,131-134,136-142,145-147,156-161,163-173,175,181,187-189,191,193,196-197,199,201,203,205,209,211-212,214-216,218,220-221,226,229,231-232,234-236,238,240,243-246,248,250,254,256,258,260-264,266-274,276-277,279,282-284,287,289-298,300,302-303,309-310,317,320,323-325,327,329-330,332,334-337,339-345,347-349,351-352,354	58.0.0,58.0.1,67.0.0,106.0.0,106.0.1,117.0.0,117.0.1,123.0.0,123.0.1,123.1.2,123.1.3,132.0.0,132.0.1,133.0.0,133.0.1,134.0.0,134.0.1,193.0.0,193.0.1,197.0.0,197.0.1,215.0.0,215.0.1,310.0.1
crates/rig-core/src/providers/gemini/streaming.rs	e55190feb4b38f9b	233/238	72/76	84,86-90,92-97,100-116,118-123,126-128,130-131,135,140-143,145-147,150-157,163-170,173-176,178,182-184,190-192,194-211,214-218,223-250,252-256,263-265,267-271,273-275,278-285,287-291,293,295-298,300-301,304-314,316-329,331-338,342,349-350,353,358-360,362-378,381-383,388-389,393-400,402	86.0.0,86.0.1,101.0.0,101.0.1,102.0.0,102.0.1,107.0.0,107.0.1,108.0.0,108.0.1,113.0.0,113.0.1,116.0.0,116.0.1,121.0.0,121.0.1,163.0.0,163.0.1,167.0.0,167.0.1,191.0.0,191.0.1,233.0.0,233.0.1,264.0.0,264.0.1,271.0.0,271.0.1,273.0.0,273.0.1,273.1.2,273.1.3,279.0.0,279.0.1,279.1.2,279.1.3,279.2.4,279.2.5,281.0.0,281.0.1,287.0.0,287.0.1,296.0.0,296.0.1,297.0.0,297.0.1,310.0.0,310.0.1,311.0.0,311.0.1,313.0.0,313.0.1,314.0.0,314.0.1,326.0.0,326.0.1,326.1.2,326.1.3,327.0.0,327.0.1,332.0.0,359.0.0,359.0.1,375.0.0,375.0.1,389.0.0,394.0.0,394.0.1,395.0.0,398.0.0,398.0.1,398.1.2
crates/rig-core/src/providers/gemini/streaming/document.rs	c4bb59389a03df18	143/150	46/54	53-59,63-67,69,72,78-80,82,84,87-88,91-96,99-100,102-104,107,110-115,117-120,122-128,133,136,140-149,151,154-155,158-160,162,166-184,186-197,199-211,214-217,221-225,229-239,244,246-251,253-255	65.0.0,65.0.1,79.0.0,79.0.1,88.0.0,96.0.0,107.0.0,113.0.0,118.0.0,147.0.0,147.0.1,151.0.1,155.0.0,176.0.0,176.0.1,177.0.0,177.0.1,177.1.2,177.1.3,181.0.0,181.0.1,182.0.0,182.0.1,183.0.0,183.0.1,184.0.0,184.0.1,184.1.2,184.1.3,189.0.0,189.0.1,192.0.0,192.0.1,192.1.2,192.1.3,202.0.0,202.0.1,203.0.0,222.0.0,222.0.1,222.1.2,222.1.3,235.0.0,235.0.1,246.0.0,246.0.1
crates/rig-core/src/providers/gemini/streaming/grounding.rs	bfb62cd531828270	165/169	15/18	21-23,27-32,36-42,44-45,48-52,57,60-66,70-78,80,82-83,92-113,115-124,127-134,137-143,146-162,164,166-169,172,176-188,191-201,207-210,212-225,227-228,230-237	39.0.0,39.0.1,51.0.0,76.0.0,117.0.0,117.0.1,146.0.0,146.0.1,192.0.0,192.0.1,195.0.0,195.0.1,196.0.0,212.0.0,212.0.1
crates/rig-core/src/providers/gemini/transcription.rs	c91fcfdbde2a7722	90/95	4/4	21-26,35-37,39-46,48-53,56,61-62,78-83,93-95,97-103,107,109-110,112-113,115-117,128-131,133,135-141,147-171,175-177	35.0.0,35.0.1,160.0.0,160.0.1
crates/rig-core/src/providers/groq/extension.rs	48cc51efc0c43384	47/47	0/0	99-101,104-107,110-113,116-119,124-126,129-133,137-141,144-147,150-153,185,187-195,197	
crates/rig-core/src/providers/internal/auth.rs	b455a18bc4acb0f6	25/40	0/2	70-72,77-87,90-100	
crates/rig-core/src/providers/internal/auth/device.rs	d5b7223c29e7f23e	40/54	5/10	27-28,31-32,34-36,41,44-46,48-49,51-53,57-61,63-64,68-72,75-76,80,84-89,92-94	28.0.0,71.0.0,71.0.1,88.0.0,88.0.1
crates/rig-core/src/providers/internal/mod.rs	4b748bb43dd2619b	38/38	2/2	35,45-47,49,59-72,75-81,83-87,92-98	65.0.0,65.0.1
crates/rig-core/src/providers/internal/openai_chat_completions_compatible.rs	357df1dc53c018a1	26/35	6/6	14-22,24-30,53-61,63	18.0.0,18.0.1,19.0.0,19.0.1,26.0.0,26.0.1
crates/rig-core/src/providers/internal/schema.rs	def1bdd18dcf7a8d	52/67	34/44	24,27-31,33-34,36,38,40-42,44-47,49-51,53,63-64,66-67,69-72,74-75,77-80,82-84,88-89,95-97,99,101-103,105-108,111	27.0.0,28.0.0,28.0.1,28.1.2,28.1.3,33.0.0,33.0.1,36.0.0,36.0.1,36.1.2,36.1.3,36.2.5,40.0.0,40.0.1,40.1.2,44.0.0,44.0.1,49.0.0,49.0.1,50.0.1,53.0.1,66.0.0,66.0.1,67.0.0,74.0.0,74.0.1,75.0.0,82.0.0,82.0.1,88.0.0,88.0.1,102.0.0,102.0.1,103.0.0
crates/rig-core/src/providers/internal/wire.rs	cfa36aeeda9ecf73	139/143	15/16	20-26,28-29,31-35,37,40,43-48,58-60,62-63,65-66,68-74,76,78,85-87,89-97,100,107-109,111-113,115,120-129,131,133,147-152,154-160,162,167-173,175,178-180,186,193-202,204-205,210-225,227-231,233,236-237,239-241,243-245,247	33.0.0,33.0.1,73.0.0,73.0.1,73.1.2,73.1.3,91.0.0,91.0.1,175.0.1,198.0.0,198.0.1,216.0.0,216.0.1,228.0.0,228.0.1
crates/rig-core/src/providers/internal/wire_ids.rs	986f4485e35db685	79/79	12/12	26-40,42,46-50,52,55-57,59-66,68-72,75,77-78,81-83,87-90,95-99,101,103-106,110-112,114-118,120-132	62.0.0,62.0.1,70.0.0,70.0.1,98.0.0,98.0.1,98.1.2,98.1.3,98.2.4,98.2.5,116.0.0,116.0.1
crates/rig-core/src/providers/llamacpp/extension.rs	e78f1a4e2d3c6c43	54/54	0/0	98-100,103-106,109-112,115-118,121-124,127-130,133-136,139-142,145-148,151-154,157-160,163-166,169-172,221,223,225	
crates/rig-core/src/providers/minimax.rs	88bad611b1401c90	3/3	0/0	47-49	
crates/rig-core/src/providers/minimax/extension.rs	58f9cdb5cbe1db8a	58/59	5/6	51-53,56-59,62-65,69-72,76-79,98-100,103-106,120-122,125-128,132-139,158-159,161-170,172,174-176,178	135.0.0,135.0.1,159.0.0,159.0.1,170.0.1
crates/rig-core/src/providers/mistral/extension.rs	6f7ea503491ac745	33/33	0/0	75-77,80-83,86-89,92-95,98-101,104-107,110-113,147,149-152,154	
crates/rig-core/src/providers/moonshot.rs	fe0a595f402211c2	5/5	6/6	43-47	44.0.0,44.0.1,45.0.0,45.0.1,46.0.0,46.0.1
crates/rig-core/src/providers/moonshot/extension.rs	f487c510645b2035	46/47	3/4	46-48,51-54,58-61,65-68,98-100,114-116,119-122,125-128,146-147,149-158,160,162-164,166	147.0.0,147.0.1,158.0.1
crates/rig-core/src/providers/ollama/chat.rs	43b034821c8c6001	311/322	33/38	62-68,71-74,83-92,94,97-106,108-114,116-120,122-129,131-136,138-144,148-155,157-172,176-190,192,195,197-199,202-208,212-222,228,230-242,255-260,262,264,266-267,270-271,274-290,295-297,301-317,321-324,328,330-334,336-345,356-361,363-364,366-370,372-379,381-384,386-388,393-397,401-410,413-414,416-417,423,425-426,428,431-446,448,450-452,454-456,458-460,462-464,468-474,479-482,484,486-488,491-495,498	104.0.0,104.0.1,106.0.0,106.0.1,112.0.0,112.0.1,134.0.0,134.0.1,139.0.0,139.0.1,142.0.0,142.0.1,154.0.0,154.0.1,202.0.0,202.0.1,217.0.0,228.0.0,228.0.1,228.1.2,228.1.3,228.2.5,235.0.0,235.0.1,238.0.0,238.0.1,275.0.0,275.0.1,275.1.2,282.0.0,282.0.1,334.0.1,337.0.0
crates/rig-core/src/providers/ollama/embedding.rs	58a40b0e33d9d2cd	52/57	0/0	32-34,41,61-71,93-97,99-106,108-110,119-122,124,126-130,133-143	
crates/rig-core/src/providers/ollama/extension.rs	fc6c02cd9c0d7fe9	56/56	0/0	51-54,57-60,64-67,70-73,77-80,83-86,90-93,96-99,102-105,109-112,116-119,146-148,151-153,206-208,259-261	
crates/rig-core/src/providers/ollama/model_listing.rs	d4244c140dcf296c	34/34	0/0	38-40,45-49,66-68,70-76,78-80,90-92,94-103	
crates/rig-core/src/providers/ollama/streaming.rs	1ef07accc9854338	175/176	36/38	84-86,91-96,101-103,107-124,127-134,136-153,155-161,166-175,177-180,182-194,196-197,201-202,204-217,220,224-226,229-230,232,234-235,239-246,248-251,253-261,266-268,270-275,277,279-283,288-299,303-309,311-313	113.0.0,113.0.1,117.0.0,117.0.1,122.0.0,122.0.1,130.0.0,130.0.1,136.0.0,136.0.1,142.0.0,142.0.1,173.0.0,173.0.1,175.0.0,175.0.1,177.0.0,177.0.1,185.0.0,185.0.1,192.0.0,192.0.1,205.0.0,205.0.1,226.0.1,240.0.0,240.0.1,267.0.0,267.0.1,280.0.0,280.0.1,293.0.0,293.0.1,294.0.0,294.0.1,307.0.0
crates/rig-core/src/providers/ollama/streaming/document.rs	75a890795f7d8dac	34/36	8/10	34-46,48-50,53,58,60,64-70,72-74,76-78,80,82	38.0.0,38.0.1,43.0.0,60.0.0,64.0.0,64.0.1,77.0.0,77.0.1
crates/rig-core/src/providers/ollama/wire.rs	05b86e7dfb19406a	30/46	1/6	47-52,69-72,75-78,82-86,90-92,95-101,108	100.0.0
crates/rig-core/src/providers/openai/embedding.rs	df8b31332548c701	35/68	3/4	51-55,57,169-176,178,180,184-186,188,192-193,196-207,209	175.0.0,175.0.1,175.1.2
crates/rig-core/src/providers/openai/extension/chat.rs	8a57e5274a4d568e	79/79	0/0	45-47,50-53,56-59,62-65,68-71,74-77,80-83,86-89,92-98,101-104,121-125,182-184,187-190,193-198,246-248,251-254,257-260,263-266,269-272	
crates/rig-core/src/providers/openai/extension/mod.rs	8391e0b5785fbef3	93/93	2/2	81-83,87-90,94-97,101-104,107-110,113-119,123-125,130-132,137-139,144-146,152-154,160-162,168-170,176-178,184-186,192-194,224-227,231-234,238-241,245-248,289-290,292-297,299-300,302-311,313	290.0.0,290.0.1
crates/rig-core/src/providers/openai/extension/responses.rs	e88f62394007f94d	84/84	0/0	57-60,64-67,71-74,78-81,85-88,92-95,99-105,109-114,118-121,125-128,132-135,139-142,256-260,284-286,329-342,344-351,353	
crates/rig-core/src/providers/openai/mod.rs	d6e00f98df60b510	25/25	0/0	58-65,67,71-81,92,104-107	
crates/rig-core/src/providers/openai/options.rs	af2751da7e87050f	1224/1239	176/186	21-24,31-34,36,41-44,46,52-72,78-87,90-97,102-107,113-122,129-133,135-136,138-139,141,149-165,167-169,171,175-178,180,185-194,196,201-207,209-210,215-218,220,232-244,247,251-254,256-258,260-261,263-266,268,270,297-306,310-312,315-316,318-320,322-324,326-329,333-337,339-345,347-364,369-372,374,376-377,381-387,392-401,405-407,412-426,429-432,434,436,439-441,444-446,449,451-476,480-482,484,486,488,492-496,502-513,515-550,552-554,557,561-566,568-577,579-583,587,589-594,596,598-599,601-602,604-607,609-610,613-622,624-648,651,659-663,665,667-669,671,674,677,682-694,696-699,701,703,706-711,713,715,717-726,728-740,742,744,746-755,758-764,766,768,771,773-775,777,779-788,790,792,794-803,805-811,813-817,819,821-831,833,835,837-846,848,851-852,854,856-861,863-880,882,885-887,891-895,901-907,909-910,912,914-915,917-919,921-922,924,926,929-932,934,937,939,941-950,952-971,973,975,977-986,988-994,996,998,1001,1003-1017,1019,1021,1023-1032,1034-1040,1042-1043,1045,1047-1062,1064,1066,1068-1077,1079-1081,1083-1087,1089,1091,1093-1094,1096,1098-1100,1102-1104,1106-1113,1116,1118-1119,1121,1123,1125-1134,1137,1139-1142,1144-1147,1149,1151,1153-1162,1166-1169,1171,1173,1175-1184,1186-1189,1192-1210,1212,1214,1216-1225,1228-1230,1232,1234-1247,1249,1251,1253-1262,1265-1266,1268,1270,1272,1274,1277,1279-1291,1293,1295,1297-1306,1308,1310-1312,1314,1316,1319-1329,1331,1333,1335-1344,1346-1348,1350-1352,1354,1356,1360-1375,1377,1379,1381-1390,1392,1394-1407,1409-1415,1417,1420-1422,1427-1431,1434-1441,1443-1444,1447,1449,1451-1454,1457,1460-1462,1464,1466-1476,1478,1480,1482-1483,1485-1486,1488-1489,1492,1494-1495,1497-1503,1505-1506,1508,1511-1525,1527,1529,1531-1540,1543-1555,1557,1559,1561-1570,1572-1575,1581-1595,1597,1601,1603-1612,1615-1617,1619,1621-1623,1625,1627-1629,1631-1640,1642,1646,1648-1657,1660,1662,1664,1666,1669,1671-1688,1690	86.0.0,86.0.1,92.0.0,92.0.1,93.0.0,93.0.1,96.0.0,96.0.1,104.0.1,105.0.0,105.0.1,106.0.0,106.0.1,106.1.2,106.1.3,115.0.0,115.0.1,116.0.0,116.0.1,117.0.0,117.0.1,118.0.0,118.0.1,119.0.0,119.0.1,120.0.0,120.0.1,132.0.0,132.0.1,135.0.0,135.0.1,138.0.0,138.0.1,156.0.0,156.0.1,164.0.0,164.0.1,168.0.0,168.0.1,207.0.0,207.0.1,242.0.0,242.0.1,247.0.0,247.0.1,253.0.0,253.0.1,257.0.0,257.0.1,260.0.0,260.0.1,264.0.0,264.0.1,265.0.0,265.0.1,312.0.0,315.0.0,315.0.1,333.0.0,333.0.1,333.1.2,333.1.3,352.0.0,352.0.1,353.0.0,353.0.1,354.0.0,354.0.1,355.0.0,355.0.1,419.0.0,419.0.1,431.0.0,431.0.1,506.0.0,506.0.1,508.0.0,508.0.1,515.0.0,515.0.1,517.0.0,517.0.1,519.0.0,519.0.1,521.0.0,521.0.1,523.0.0,523.0.1,525.0.0,525.0.1,527.0.0,527.0.1,529.0.0,529.0.1,531.0.0,531.0.1,533.0.0,533.0.1,535.0.0,535.0.1,537.0.0,537.0.1,539.0.0,539.0.1,541.0.0,541.0.1,543.0.0,543.0.1,545.0.0,545.0.1,547.0.0,547.0.1,547.1.2,547.1.3,547.2.4,547.2.5,549.0.0,549.0.1,590.0.0,590.0.1,598.0.0,598.0.1,601.0.0,601.0.1,606.0.0,606.0.1,615.0.0,615.0.1,633.0.0,633.0.1,689.0.0,689.0.1,693.0.0,693.0.1,698.0.0,698.0.1,698.1.2,698.1.3,851.0.0,851.0.1,852.0.0,852.0.1,909.0.0,909.0.1,914.0.0,914.0.1,1084.0.0,1084.0.1,1086.0.0,1086.0.1,1113.0.1,1142.0.0,1142.0.1,1161.0.0,1268.0.0,1268.0.1,1312.0.0,1312.0.1,1348.0.0,1351.0.0,1351.0.1,1356.0.1,1440.0.0,1440.0.1,1443.0.0,1443.0.1,1447.0.0,1447.0.1,1482.0.0,1482.0.1,1485.0.0,1485.0.1,1488.0.0,1488.0.1,1488.1.2,1488.1.3
crates/rig-core/src/providers/openai/responses_api/mod.rs	9c2785b072095a60	413/434	63/72	38-40,42,44,47-49,51-55,60-63,65-66,68-73,76,78,81-85,88-89,92,96-102,104-105,107-111,113,115,137-151,153-155,157-158,161-168,170,173,175-176,178-179,184,187-206,208-224,226-227,229-240,242-248,250-256,258-264,266-270,272-273,275-280,284-286,288-297,299,303,308-309,312-321,323-327,331,335,337-346,364-374,376-381,383-396,398,404-421,427-441,443-444,446-456,460-466,469-472,474-475,477,479-482,486-492,494-497,499,501-508,510-513,515-516,519-520,523-524,526-527,529-533,566-568,572-586,589-590,595-608,614-620,626-632,635-644,669,671-674,676-677	69.0.0,69.0.1,82.0.0,110.0.0,110.0.1,157.0.1,165.0.0,165.0.1,192.0.0,192.0.1,192.1.2,201.0.0,201.0.1,208.0.0,208.0.1,214.0.0,214.0.1,233.0.0,233.1.2,250.0.0,250.0.1,263.0.0,263.0.1,264.0.0,264.0.1,264.1.3,277.0.0,277.0.1,285.0.0,285.0.1,294.0.0,294.0.1,299.0.0,342.0.0,342.0.1,376.0.0,376.0.1,379.0.0,379.0.1,418.0.0,418.0.1,429.0.0,429.0.1,443.0.0,443.0.1,464.0.0,464.0.1,479.0.0,479.0.1,480.0.0,495.0.0,495.0.1,496.0.0,496.0.1,574.0.0,574.0.1,577.0.0,577.0.1,580.0.0,580.0.1,583.0.0,583.0.1,627.0.0
crates/rig-core/src/providers/openai/responses_api/streaming.rs	d990b1909c2743df	619/638	121/136	36-42,46-52,85-87,89-91,93,95,100-101,103-116,118-123,125,127-128,130,142-147,149,187-189,193-203,205,209-211,213-221,223-229,232,236-241,244-248,251-257,259,261,267-285,287-292,294-297,299,303-315,322-325,327-328,334-341,345-357,359,361-364,366,396-398,405-428,432-443,445-456,460-463,466-470,472-473,475-479,481-489,491-494,498-500,502-504,506-509,513-522,524,526-527,531-545,547-552,556-559,562,565-576,580-588,590-595,599-605,608-615,617-621,623-625,630-631,635-639,642,644-649,651,653-655,658-661,664-665,668-676,679-683,686-699,702,704,707-708,710-711,713-715,717,719,728-769,776-784,788,790-792,794-799,801-821,823-827,830-831,835-836,838-841,843-852,854-855,859-867,873-878,880,882,884-886,888,890-897,903-909,911-912,915-917,920-921,924,926,929-933,936-938,943-945,947-951,954-956,960-971,973-977,981-982,986	37.0.0,37.0.1,38.0.0,38.0.1,90.0.0,90.0.1,101.0.1,122.0.0,122.0.1,122.1.2,122.1.3,122.2.4,194.0.0,194.0.1,200.0.0,200.0.1,244.0.0,256.0.0,256.0.1,407.0.0,407.0.1,414.0.0,414.0.1,422.0.0,422.0.1,422.1.2,422.1.3,426.0.0,438.0.0,438.0.1,442.0.0,442.0.1,466.0.0,466.0.1,482.0.0,482.0.1,486.0.0,486.0.1,499.0.0,499.0.1,504.0.1,521.0.0,521.0.1,539.0.0,539.0.1,558.0.0,558.0.1,562.0.0,565.0.0,565.0.1,568.0.0,568.0.1,568.1.2,568.1.3,568.2.4,586.0.0,586.0.1,588.0.0,605.0.0,609.0.0,609.0.1,617.0.0,617.0.1,631.0.0,631.0.1,635.0.0,635.0.1,635.1.2,635.1.3,638.0.0,638.0.1,645.0.0,645.0.1,645.1.2,645.1.3,655.0.0,655.0.1,676.0.0,680.0.0,680.0.1,687.0.0,687.0.1,688.0.0,688.0.1,695.0.0,695.0.1,696.0.0,737.0.0,737.0.1,747.0.0,747.0.1,754.0.0,754.0.1,755.0.1,760.0.1,760.1.2,760.1.3,762.0.0,782.0.0,782.0.1,783.0.0,783.0.1,784.0.0,784.0.1,811.0.0,811.0.1,816.0.0,816.0.1,839.0.0,839.0.1,874.0.0,874.0.1,877.0.0,877.0.1,884.0.0,884.0.1,921.0.1,966.0.0,966.0.1,974.0.0,974.0.1
crates/rig-core/src/providers/openai/responses_api/streaming/document.rs	d36a044d7d097421	77/79	22/30	41-42,45-56,58,62-70,72-76,78-90,96-102,104-107,110,112,114-118,120-123,125-137	42.0.0,53.0.0,53.0.1,63.0.0,63.0.1,68.0.0,68.0.1,68.1.2,83.0.0,83.0.1,85.0.0,101.0.0,101.0.1,104.0.0,115.0.0,115.0.1,120.0.0,125.0.0,126.0.0,126.0.1,129.0.0,129.0.1
crates/rig-core/src/providers/openai/responses_api/websocket.rs	3f5406eb4bd97e5b	411/496	31/42	51-55,135-137,139-141,176-179,182,186-190,192,196-199,201,214-220,238-241,256-259,263-277,297-310,312-313,317-333,337-339,342-344,347-356,359-364,366-370,375-390,393-397,399-402,405-408,411,413,415-417,419-420,423-425,429-432,434-438,441-443,446,453-454,456,458-459,461,463,466-472,474,496-502,508-511,513-520,524-531,537-541,547-549,551-554,557,561-564,566-567,570,574-577,600,604,606-613,617-626,630-635,637-640,642-643,651,653,655-660,662-666,668-671,673-678,680-681,683-686,690-694,697,699,701,705-707,712-713,718-729,731-732,736-743,747-754,756-757,761,764-768,774,776-778,782-784,786,790,797-804,806,808,810-815,817,829,833,839-841,845-853,856,863-865,867-870,873,876,878-882,886-891,898-900	366.0.0,366.0.1,376.0.0,376.0.1,380.0.0,381.0.0,413.0.1,434.0.0,434.0.1,446.0.0,463.0.0,463.0.1,466.0.0,466.0.1,509.0.0,509.0.1,541.0.0,554.0.1,567.0.0,633.0.0,674.0.0,674.0.1,674.1.2,674.1.3,693.0.0,693.0.1,706.0.0,706.0.1,742.0.0,810.0.0,810.0.1
crates/rig-core/src/providers/openai/responses_api/wire.rs	81b28a5f2c444e53	214/215	27/28	45-55,60-68,70,72-76,78-80,82-83,85,87-92,94,96,100-109,113-116,119-122,125-128,131-134,136-138,142-148,152-154,165-171,174-175,177-183,185-187,192-198,200-202,204-206,208-210,212-214,217-219,222-224,229-233,236-239,242-244,249-253,255,257,259-260,262,268,271-278,280-282,285,290-295,299-304,306-307,309-310,312,318-323,326-328,332,340-342,345-351,355-359,362-372,374-376	67.0.0,67.0.1,82.0.0,82.0.1,91.0.0,91.0.1,218.0.0,218.0.1,260.0.0,260.0.1,276.0.0,276.0.1,277.0.0,277.0.1,278.0.0,278.0.1,281.0.0,281.0.1,282.0.0,282.0.1,341.0.0,341.0.1,345.0.0,345.0.1,348.0.0,348.0.1,365.0.0
crates/rig-core/src/providers/openai/transcription.rs	7bc64713ebbe855e	17/17	0/0	79-80,82-84,86-91,96,98-102	
crates/rig-core/src/providers/openai/wire.rs	f5c8a6b34232ea8f	270/302	10/22	73-76,78,82,84,88,90-92,94,96,100-102,106-108,209-216,255-257,377-421,437-440,452-454,481-495,498-501,507-510,512,516-520,577-579,583-590,592-595,597-599,601-610,612,616-618,627-630,633-643,645-647,651-656,658-659,664-665,677-679,683-685,688-691,694-697,700-703,706-709,714-720,724-726,732-735,739-742,746-748,755-757,760-762,766-768,770-780,782-783,785,789-791,795-802,804-805,807,809,811,815-821,825-828,830,833-836,838	91.0.0,91.0.1,645.0.0,651.0.0,651.0.1,656.0.1,659.0.1,665.0.1,817.0.0,817.0.1
crates/rig-core/src/providers/openai/wire/auth.rs	9d57e0b14c1c85de	52/64	8/8	62-63,69,79-87,92-95,97-98,110,112,121-124,127-128,130,132,134,136,138,141-161	132.0.0,132.0.1,143.0.0,143.0.1,148.0.0,148.0.1,157.0.0,157.0.1
crates/rig-core/src/providers/openai/wire/chat.rs	f5896e77494abb97	1213/1256	252/282	65-68,71,75-79,81,83-87,90-103,105-106,111-114,118-121,125,130-137,139-145,147,149-150,152-154,158-162,164-166,169-179,181-183,185-194,196-206,208-225,227-230,232-236,247,249-269,272-280,284-287,291-294,297-300,304-315,317-323,325-338,340,344-350,352-357,360,363-364,367,369-375,377-379,381,384-397,401-419,421,424,426-428,431,436-438,446-462,464-468,470-475,477-485,487,489-490,492-495,497-498,500-501,506,508,510-512,515-519,524-541,544-550,557-566,568-576,579,583-585,589-594,602-605,607-610,613-616,618-619,626-629,632-633,635-637,639-642,645-649,653,655-656,658-661,663-669,672,674-679,684,687,691-694,696-702,705-711,716-719,721-722,724-728,731-733,737,740-752,756-761,763,770-774,776-781,783,785,796-802,805-806,808-810,812-814,816-818,823-829,831-833,835-837,839-841,843-845,851-853,855,857-858,860,868,870-872,874-887,889-890,892-898,900-903,905,907,909,915,922-933,936,938-952,958-967,969-971,973-975,978-980,986-991,993-996,1000,1003,1015,1017-1030,1032,1038-1045,1047,1088-1099,1101-1102,1104,1121-1125,1127,1150-1152,1155,1207-1212,1216-1222,1225-1242,1244,1247-1249,1251-1255,1257-1262,1267-1284,1286-1296,1299,1301-1313,1316-1320,1322,1324-1328,1330,1332-1338,1340-1342,1346-1352,1355-1357,1359-1363,1366-1368,1372-1374,1376-1384,1388-1395,1397-1400,1402-1404,1407-1409,1412-1416,1420-1427,1429-1434,1437-1441,1445-1448,1451-1454,1457-1459,1462,1466,1468-1481,1484-1485,1488-1491,1500-1505,1507-1530,1532,1534-1541,1544-1554,1557-1564,1566-1567,1569-1578,1586-1606,1609-1610,1612-1621,1623,1626-1628,1631-1633,1635-1637,1641-1645,1649-1654,1659,1664-1669,1671-1675,1679-1702,1706-1712,1717-1720,1722,1724-1727,1734-1737,1741-1762,1766,1769,1775-1776,1778-1780,1783-1787,1789-1791,1794-1799,1801-1802,1804,1806-1807,1809-1818,1820-1821,1824-1828,1830,1832,1836-1838,1850-1865,1867,1869,1871-1881,1883,1889-1891,1895-1897,1899-1903,1905,1907-1909,1911-1912	83.0.0,83.0.1,100.0.0,105.0.0,142.0.0,142.0.1,143.0.0,143.0.1,161.0.0,161.0.1,191.0.0,191.0.1,194.0.0,194.0.1,196.0.0,196.0.1,311.0.0,311.0.1,327.0.0,327.0.1,331.0.0,331.0.1,334.0.0,336.0.0,336.0.1,352.0.0,352.0.1,355.0.0,355.0.1,363.0.0,363.0.1,363.1.2,363.1.3,374.0.0,374.0.1,375.0.0,375.0.1,375.1.2,375.1.3,375.2.4,375.2.5,416.0.0,416.0.1,431.0.1,464.0.0,464.0.1,465.0.0,472.0.0,472.0.1,480.0.0,480.0.1,490.0.0,490.0.1,500.0.0,500.0.1,515.0.0,516.0.0,525.0.0,525.0.1,527.0.0,527.0.1,534.0.0,534.0.1,537.0.0,537.0.1,538.0.0,538.0.1,544.0.0,544.0.1,568.0.0,568.0.1,579.0.1,584.0.0,584.0.1,590.0.0,604.0.0,604.0.1,605.0.0,605.0.1,605.1.2,605.1.3,640.0.0,640.0.1,647.0.0,647.0.1,661.0.1,664.0.0,679.0.0,692.0.0,692.0.1,726.0.0,726.0.1,727.0.0,727.0.1,727.1.2,727.1.3,751.0.0,751.0.1,751.1.2,751.2.4,751.2.5,857.0.0,857.0.1,874.0.0,874.0.1,875.0.0,875.0.1,885.0.0,886.0.0,887.0.0,887.0.1,889.0.0,889.0.1,892.0.0,892.0.1,894.0.0,894.0.1,895.0.0,895.0.1,896.0.0,896.0.1,905.0.0,905.0.1,907.0.0,907.0.1,909.0.0,930.0.0,930.0.1,933.0.1,938.0.0,938.0.1,948.0.0,948.0.1,959.0.0,959.0.1,991.0.0,1021.0.0,1021.0.1,1040.0.0,1040.0.1,1092.0.0,1092.0.1,1217.0.0,1217.0.1,1220.0.0,1220.0.1,1233.0.0,1233.0.1,1240.0.0,1240.0.1,1257.0.0,1257.0.1,1279.0.0,1279.0.1,1283.0.0,1283.0.1,1284.0.0,1290.0.0,1290.0.1,1311.0.0,1311.0.1,1347.0.0,1347.0.1,1373.0.0,1373.0.1,1378.0.0,1378.0.1,1395.0.0,1395.0.1,1412.0.0,1412.0.1,1437.0.0,1437.0.1,1452.0.0,1452.0.1,1503.0.0,1503.1.2,1518.0.0,1518.0.1,1530.0.1,1530.1.2,1530.1.3,1536.0.0,1536.0.1,1545.0.0,1545.0.1,1557.0.0,1557.0.1,1571.0.0,1571.0.1,1574.0.0,1594.0.0,1594.0.1,1600.0.0,1600.0.1,1613.0.0,1613.0.1,1613.1.2,1613.1.3,1617.0.0,1617.0.1,1620.0.0,1620.0.1,1620.1.2,1620.1.3,1632.0.0,1632.0.1,1635.0.0,1635.0.1,1641.0.0,1641.0.1,1654.0.0,1659.0.0,1665.0.0,1665.0.1,1667.0.0,1683.0.0,1683.0.1,1707.0.0,1707.0.1,1718.0.0,1718.0.1,1718.1.2,1718.1.3,1718.2.4,1718.2.5,1719.0.0,1719.0.1,1735.0.0,1745.0.0,1745.0.1,1752.0.0,1752.0.1,1759.0.0,1759.0.1,1778.0.0,1778.0.1,1783.0.0,1783.0.1,1786.0.0,1786.0.1,1787.0.0,1787.0.1,1801.0.0,1801.0.1,1864.0.0,1864.0.1,1864.1.2,1864.1.3,1890.0.0,1890.0.1,1909.0.1
crates/rig-core/src/providers/openai/wire/chat/document.rs	a612d94f7a1cea9a	239/245	59/70	57-62,65-74,78-82,85,89-93,95-101,109-122,125-126,129,135-140,143,145,147,149-151,153-157,160-172,174-175,180-184,187-192,194,198-204,207,210-219,221-229,232-238,240,243,253-254,257-260,263-290,292-304,308-316,319-328,330,333,337-341,343,346-351,354-355,358-360,362-363,365-368,371,376-391	78.0.0,78.0.1,79.0.0,79.0.1,116.0.0,116.0.1,117.0.0,124.0.1,125.0.0,125.0.1,154.0.0,154.0.1,154.1.2,154.1.3,157.0.0,164.0.0,164.0.1,181.0.0,181.0.1,181.1.2,181.1.3,201.0.0,201.0.1,213.0.0,213.0.1,224.0.0,224.0.1,233.0.0,254.0.0,257.0.0,257.0.1,260.0.0,272.0.0,272.0.1,284.0.0,284.0.1,284.1.2,284.1.3,292.0.0,292.0.1,300.0.1,301.0.0,301.0.1,310.0.0,310.0.1,316.0.0,323.0.0,339.0.0,339.1.2,359.0.0,359.0.1,378.0.0,378.0.1,388.0.0,388.0.1,388.1.2,388.1.3,388.2.4,388.2.5
crates/rig-core/src/providers/openai/wire/chat/reported.rs	e3c145b7e8b2bddc	104/105	9/10	32-43,49-57,61-68,70-81,87-121,127-135,137-155	36.0.0,36.0.1,39.0.0,39.0.1,50.0.0,50.0.1,62.0.0,62.0.1,118.0.1
crates/rig-core/src/providers/openai/wire/dialects.rs	5edde6fd06934d2f	6/6	0/0	479-481,484-486	
crates/rig-core/src/providers/openai/wire/dto.rs	70be2495e094afd6	54/54	20/22	31-34,36-50,52-63,66,71,73-77,79,81-93,96-97	42.0.0,42.0.1,42.1.2,46.0.0,46.0.1,47.0.0,47.0.1,47.1.2,47.1.3,53.0.0,53.0.1,53.1.2,59.0.0,59.0.1,60.0.0,60.0.1,76.0.0,76.0.1,89.0.0,89.0.1
crates/rig-core/src/providers/openai/wire/modality.rs	2d53861560d4b97f	662/705	69/84	98-102,104,158-164,195-208,214-216,221-224,227-229,232-234,237-239,242-244,247-249,253-255,259-261,265-269,273-293,355-362,366-374,378-382,384,389-399,401-405,408-409,412,432-440,443-446,449-452,456-464,468-473,477-481,484,488-489,491-492,494-496,499,502-503,506-512,514,520-524,526-528,533-535,537-540,555-557,559-583,585,587-592,603-609,611,613,615-616,619-634,636-637,642-648,653-654,656,658-662,664,666-672,686-691,695,699,701-708,710-711,713-715,717-718,721,723-725,729,732,739,741-747,750,752-753,755-756,760-762,764,768-771,777,781-787,795,804-806,808-814,824-826,828-834,836-839,841-842,845-846,848-850,866-871,911-914,916,939-945,962-963,965,967,970,973,975-979,983,986-987,989,991,994-995,1000-1001,1012-1014,1016-1021,1026-1029,1033-1037,1039-1043,1045-1049,1052-1056,1062-1064,1066-1071,1073-1075,1077-1081,1097-1102,1126,1128-1130,1132,1134-1138,1141,1143,1146-1147,1152-1153,1160-1161,1172-1174,1176-1186,1189-1192,1196-1200,1204-1206,1210-1213,1215-1216,1218-1222,1234-1236,1277-1294,1311-1313,1315-1325,1335-1337,1340-1342,1344-1346,1364-1370,1373-1376,1424-1426,1428-1455,1465-1469,1471,1473-1478,1480-1488,1490,1495-1500,1502-1506,1508,1510-1512,1524-1526,1538-1540,1542-1551,1553-1555	279.0.0,279.0.1,283.0.0,283.0.1,395.0.0,395.0.1,488.0.0,488.0.1,491.0.0,491.0.1,494.0.0,494.0.1,502.0.0,502.0.1,506.0.0,506.0.1,511.0.0,511.0.1,522.0.0,522.0.1,533.0.0,533.0.1,564.0.0,564.0.1,564.1.2,564.1.3,582.0.0,582.0.1,619.0.0,619.0.1,625.0.0,625.0.1,625.1.2,631.0.0,631.0.1,631.1.2,637.0.0,642.0.0,642.0.1,645.0.0,645.0.1,648.0.1,654.0.1,701.0.0,705.0.0,705.0.1,708.0.1,711.0.1,714.0.0,714.0.1,732.0.1,750.0.1,753.0.1,756.0.1,991.0.0,1062.0.0,1062.0.1,1191.0.0,1191.0.1,1204.0.0,1204.0.1,1480.0.0,1480.0.1,1490.0.0,1495.0.0,1498.0.0,1498.0.1,1544.0.0,1544.0.1
crates/rig-core/src/providers/openai/wire/route.rs	2417d5c352aeed56	117/118	0/0	59-71,73,77-88,91-93,97-100,105-107,111-113,117-120,122-123,128-133,137-139,143-146,148,151-154,156,159-162,164,168-170,174-176,186-188,190-192,194-197,199,201-204,206,219-221,227-229,231-233,255-258,260,262-269,275,277-279	
crates/rig-core/src/providers/openrouter/extension.rs	f70d0d12510f340e	196/199	6/6	102-104,122-124,127-130,133-136,139-142,145-148,151-154,157-160,163-166,169-172,175-178,181-184,187-190,193-196,219-227,304-309,312-315,330-332,336-338,385-387,390-393,396-399,402-405,408-411,435-437,440-443,446-449,452-455,458-461,508-510,514-516,519-522,525-528,531-534,537-540,543-546,549-552,555-558,561-564,567-570,573-576,579-582,585-588,591-593,629-630,632-638,640,642-652,654	103.0.0,103.0.1,223.0.0,223.0.1,630.0.0,630.0.1
crates/rig-core/src/providers/perplexity/extension.rs	da03ae567fe657d8	8/11	0/0	113,115-120,122	
crates/rig-core/src/providers/registry.rs	ee8a2437048cfdea	574/616	32/36	86-90,92,95-97,110-112,116-118,122-124,130,143-145,149-153,155,157-161,163,165-168,170-173,175,181-188,196,199-203,205,208-211,213,218-223,225-226,230-232,237-240,242,247-255,257-264,330-332,338-341,348-354,358-359,361,364,366,368-369,381-394,398-402,405-408,410,413-416,418,422-424,427-429,437-444,446-459,462-465,467-468,473-476,478,485-488,490,496-499,501,504-510,512,515-518,522-526,528-529,544-550,553-557,560-563,565,569-571,577-586,657-659,662-664,668,671-673,677,681-685,687,691-696,698-699,709-713,715,720-725,727,735-743,745,749-759,761-764,766-769,772,778-783,787-791,793-796,800,856-858,863,872-874,877-880,882,884,886-891,894-896,906-911,915-924,927-930,932,936-939,941,944-947,949,953-956,959-963,979-982,984-985,989-996,1002-1004,1011-1016,1018,1050-1052,1056-1058,1062-1064,1093-1095,1099-1102,1122-1125,1129-1132,1135-1138,1143-1151,1202-1204,1223-1228,1257-1279,1281,1283-1287,1290-1292,1294,1296-1299,1301,1305,1307-1309,1311-1313,1315-1316,1321-1323,1348-1353,1363-1366,1368-1370,1372,1374-1375,1377-1381,1384,1392-1394,1402-1404,1406,1408-1410,1412-1422,1424-1428,1430-1431,1433-1434,1436,1439-1440,1442-1444,1446-1448,1451,1453-1454	144.0.0,144.0.1,239.0.0,239.0.1,253.0.0,253.0.1,257.0.0,257.0.1,331.0.0,331.0.1,442.0.0,442.0.1,446.0.0,446.0.1,449.0.0,449.0.1,462.0.0,462.0.1,793.0.0,887.0.0,887.0.1,1278.0.0,1291.0.0,1365.0.0,1365.0.1,1416.0.0,1416.0.1,1419.0.0,1419.0.1,1425.0.0,1425.0.1,1431.0.1
crates/rig-core/src/providers/together/extension.rs	74ffc911eb66c794	27/27	0/0	62-64,67-70,73-76,79-82,85-88,91-94,112,114-115,117	
crates/rig-core/src/providers/venice/extension.rs	b2de814ec6b183cf	74/74	0/0	60-62,65-68,71-74,77-81,85-87,91-93,96-98,102-104,108-110,166-168,171-174,177-180,183-186,189-192,195-198,201-204,207-210,213-216,219-222,309,311-312,314	
crates/rig-core/src/providers/voyageai.rs	0a98f4435e740d22	7/7	0/0	42-47,49	
crates/rig-core/src/providers/voyageai/wire.rs	24b75ae0ffddcaa3	169/177	9/10	51-56,64-67,72-85,88-96,99-104,106,137-140,143-146,152-156,166-170,172-193,195-197,206-208,210-214,216-227,249-252,255-258,274-278,280-290,292,294-300,302-304,314-317,319,321-326,328-347	176.0.0,176.0.1,179.0.0,179.0.1,182.0.0,182.0.1,285.0.0,285.0.1,292.0.1
crates/rig-core/src/providers/xai/extension.rs	6f32fc37ba7ac98d	15/16	0/0	50-52,55-58,81,83-88,91	
crates/rig-core/src/providers/xai/mod.rs	e6e59ea5ab563ee7	6/6	6/6	77-82	79.0.0,79.0.1,79.1.2,79.1.3,80.0.0,80.0.1
crates/rig-core/src/providers/xiaomimimo.rs	7baeddfead041134	4/4	4/4	37-40	38.0.0,38.0.1,38.1.2,38.1.3
crates/rig-core/src/providers/xiaomimimo/extension.rs	9b06ff48dafb2145	16/20	3/4	67-68,70-79,81,83-84,86	68.0.0,68.0.1,79.0.1
crates/rig-core/src/providers/zai.rs	acd920cf890d1574	6/6	2/2	45-50	47.0.0,47.0.1
crates/rig-core/src/providers/zai/extension.rs	618a4fe3c3e4d5c9	61/62	3/4	47-49,52-55,58-61,65-67,71-73,77-79,83-85,121-123,128-130,133-136,139-142,145-148,151-154,170-171,173-182,184,186-187,189	171.0.0,171.0.1,182.0.1
crates/rig-core/src/rerank.rs	535e85ee0fab9672	11/11	0/0	69-79	
crates/rig-core/src/serve/adapters.rs	21e0fa78d9aebecd	262/292	3/4	32-35,37,40,52-57,65-74,76-79,81,84-86,88,91,94-96,98-100,112,119-131,133-135,137,139-143,147-150,160,167-176,178-186,197,204-210,215-219,229-234,238-240,242-244,246-250,264-275,277-279,286-290,292,298,301,340-352,366-368,370-378,389,400-405,410-415,429,431-436,438,440-448,450-461,463,474,487-489,494-499,514,516-521,523,525-535,537-546,548-549,553-559,561-564,566-567,572,583	216.0.0,216.0.1,279.0.1
crates/rig-core/src/serve/handler.rs	69ffc53859809247	321/337	51/54	99-101,103-112,141-143,148-150,153-155,158-160,163-165,180-182,184-186,191-193,205,213-223,225-229,250-252,256-266,268-270,276-278,290-292,294-303,305,307-309,311,314,318-327,331-332,335,337-346,348,350-353,355,357-363,365-370,372,374-399,406-410,436-438,443-454,466-468,471-473,476-479,482-486,489-491,494-503,510-517,524-528,531-533,535-541,543-550,555-557,559-560,562-569,571,580-585,587-595,599-601,604-607,609,612,615-617,620-621,634-647,651-653,656-658,662-667,670-680	218.0.0,218.0.1,226.0.0,226.0.1,260.0.0,260.0.1,302.0.0,302.0.1,307.0.0,307.0.1,338.0.0,338.0.1,338.1.2,338.1.3,339.0.0,339.0.1,344.0.0,344.0.1,344.1.2,344.1.3,345.0.0,345.0.1,365.0.0,365.0.1,366.0.0,366.0.1,367.0.0,367.0.1,375.0.0,375.0.1,377.0.0,377.0.1,381.0.0,381.0.1,383.0.0,383.0.1,387.0.0,387.0.1,390.0.0,390.0.1,393.0.0,393.0.1,495.0.0,495.0.1,536.0.0,537.0.0,544.0.0,544.0.1,545.0.0,581.0.0,581.0.1
crates/rig-core/src/serve/layer.rs	6c93353760aad8c3	105/106	13/16	42-44,97-102,104-107,109-110,116-120,122-135,137,139,141-142,144-150,152-154,157-171,174-192,195-198,200-206,209-213,217,219-223,225	128.0.0,128.0.1,136.0.0,142.0.0,142.0.1,157.0.0,157.0.1,189.0.0,189.0.1,189.1.2,192.0.1,200.0.0,200.0.1
crates/rig-core/src/serve/mod.rs	1f078ee00b95ce05	7/7	0/0	52-58	
crates/rig-core/src/serve/recorder.rs	eb8f0b6fc5ee556f	34/85	2/4	42-44,96-98,100-109,111-113,115-117,119-121,123-125,129-131,133-135	101.0.0,101.0.1
crates/rig-core/src/serve/writer.rs	b437b73618d0a472	85/101	11/16	48-51,53,56-74,76-77,83-85,89-92,94-95,97-99,102-107,114-116,118-122,124-126,129-131,136-138,149-159,162-163,171-178,182,184-185	67.0.0,68.0.0,68.0.1,73.0.0,73.0.1,95.0.1,107.0.0,122.0.1,172.0.0,172.0.1,175.0.0
crates/rig-core/src/streaming/event.rs	643afec98b3bbbd0	106/114	10/10	44-46,49-51,122-128,130,133-135,137,139,141,170-172,176-178,206-210,214-218,222-234,236-244,247-252,254,256-260,262-265,267,271-274,276-277,280-282,285-287,290-292,295-297,300-305,309-311,315-318	224.0.0,224.0.1,228.0.0,228.0.1,231.0.0,231.0.1,247.0.0,247.0.1,251.0.0,251.0.1
crates/rig-core/src/streaming/mod.rs	474b730d8db13864	124/130	18/22	42-44,47-49,54-57,61-63,107-120,125-128,130-132,134-143,145-146,148-151,154,161-163,167-172,174-178,184-189,196,198-201,204,206-212,218-222,255-256,261-281,286-288,290-294,296,302-304	130.0.0,130.0.1,135.0.0,135.0.1,136.0.0,136.0.1,145.0.0,145.0.1,169.0.0,169.0.1,170.0.0,170.0.1,174.0.0,174.0.1,178.0.0,200.0.0,201.0.1,288.0.1
crates/rig-core/src/structured_output.rs	0a03b9cd02b3ff34	51/51	2/2	25-26,29,33-34,37,41-42,45,49-50,52,54,58-66,70-75,78,82-96,101-107	61.0.0,61.0.1
crates/rig-core/src/telemetry/mod.rs	759d916fc6937a40	307/322	40/46	118-119,121,123-128,130,133-135,137-139,146,268-275,278-279,283-288,290,292,294,299,310-315,319-324,326-330,334-337,347,387-395,399-402,406-413,417-419,421-422,424-426,428,433,436,438-439,441,444,447,450-454,456-460,464-480,539-545,547-569,571,573-575,585-591,595-596,598-599,603,605-618,620-621,623-628,631-633,635-646,652-654,656-676,678-681,683,688,690-695,698-701,703-709,717-718,720,722-725,733-736,738-742,754-757,761-781,783,785-796	283.0.0,283.0.1,286.0.0,286.0.1,334.0.0,334.0.1,418.0.0,418.0.1,419.0.0,419.0.1,450.0.0,450.0.1,457.0.0,457.0.1,469.0.0,469.0.1,476.0.0,476.0.1,598.0.0,679.0.0,679.0.1,699.0.0,699.0.1,718.0.1,718.1.3,722.0.0,734.0.0,734.0.1,734.1.3,739.0.0,755.0.0,755.0.1,779.0.0,779.0.1,786.0.0,786.0.1,789.0.0,789.0.1,792.0.0,792.0.1
crates/rig-core/src/tool/builtin/think.rs	d995aa2dd1c9d3ee	18/18	0/0	28-33,35-41,44,46,48-50	
crates/rig-core/src/tool/context.rs	0699c3f2f478bbd0	171/221	2/4	29-31,39-41,59-61,67-69,88-90,92-96,98-100,102-105,116-118,120-124,204-206,224-225,227-229,231-232,234-236,240-248,252-256,258-262,266-272,279-281,285-287,290-292,296-301,304-309,312-314,317-319,322-324,327-329,334-340,349-352,355-359,362-364,368-370,373-375,378-381,384-386,390-395,408-410,414-420,426-432,435-440,470-472	205.0.0,328.0.0
crates/rig-core/src/tool/contextual.rs	2a5d1011b6984cc3	171/203	2/2	67-69,88-90,92-94,96-98,100-106,134-136,138-140,147-149,151-153,157-160,162,166-178,181-182,184-186,188-190,192,228-236,238-241,243-244,270-282,284-288,290,293-300,302-307,309-318,321-323,325-327,330-332,335-337,345-347,355-361,367-388,396,443,445-446,449-455	153.0.0,153.0.1
crates/rig-core/src/tool/managed.rs	f08407d863f6379e	6/9	0/0	27-29,39-41	
crates/rig-core/src/tool/output.rs	d0e4cd2969be704e	91/110	16/20	34-36,40-43,47-62,67-69,75-77,81-89,92-96,99-100,102,104-105,108,110,113-114,116,118-120,122,125-127,130-132,138-142,147,177-179,202,205-212,215-217,219-224,228	82.0.0,82.0.1,100.0.1,105.0.0,114.0.1,139.0.0,139.0.1,141.0.0,206.0.0,206.0.1,209.0.0,209.0.1,212.0.0,212.0.1,221.0.0,221.0.1
crates/rig-core/src/tool/portable.rs	54de8278d74c88eb	3/3	0/0	58-60	
crates/rig-core/src/tool/result.rs	cd0117b0785804d0	212/223	2/2	52-54,58-60,62-64,88-90,156-169,175-179,187-189,193-200,212,215-218,222-225,234-237,240-243,246-249,252-255,262-264,267-269,274-275,278-280,283-285,291-293,296-298,301-303,306-308,311-313,316-318,321-323,327,333,336-338,340-341,345-347,351-361,365,368,374,378,381-383,389,414-417,419-430,435-439,442-444,446,448-449,452-456,461-463,465-466,472-473,476-479,481,486-488,491,493,498-500,503,505,508-510,516-518,521-523,526-528,534-536,540-543,545,548-553,555	443.0.0,443.0.1
crates/rig-core/src/transcript.rs	047a0ae813c1ecd5	319/323	64/68	56-62,80-85,103-107,109-110,112-116,120-125,127-131,133-135,149,151-172,174-181,183-197,199-202,204-205,207-214,216,218-228,231-234,238-243,261-265,267-269,271-272,274,276,280-284,286-293,295-297,300-304,306,308,322-334,336,341-342,370-383,385,387-391,394,397-402,404,406-409,411-416,421-428,433-440,444-445,449,459-476,480-484,486,491-493,496-504,511-513,515-529,531-542,547-550,552,554-555,558-560,562-564,566-576	112.0.0,112.0.1,124.0.0,124.0.1,125.0.0,125.0.1,159.0.0,159.0.1,159.1.2,159.1.3,167.0.0,167.0.1,168.0.0,168.0.1,176.0.0,176.0.1,185.0.0,185.0.1,195.0.0,195.0.1,200.0.0,200.0.1,207.0.0,207.0.1,216.0.0,216.0.1,216.1.2,216.1.3,220.0.0,220.0.1,224.0.0,224.0.1,231.0.0,231.0.1,231.1.2,231.1.3,264.0.0,264.0.1,267.0.0,267.0.1,271.0.0,271.0.1,333.0.0,333.0.1,333.1.2,375.0.0,375.0.1,401.0.0,401.0.1,406.0.0,406.0.1,408.0.0,413.0.0,413.0.1,467.0.0,467.0.1,513.0.1,531.0.0,531.0.1,548.0.0,548.0.1,555.0.0,572.0.0,572.0.1
crates/rig-core/src/transcription.rs	b6654f175c01521b	56/56	0/0	53-63,93-104,108-114,117-122,125-128,131-134,137-140,144-148,151-153	
crates/rig-core/src/vector_store/builder.rs	5537e42493ee0227	37/37	2/2	30-32,42-47,61-64,69-78,80-81,84-92,95-97	73.0.0,73.0.1
crates/rig-core/src/vector_store/in_memory_store.rs	d0829662851c9055	248/272	22/26	52-54,59-61,64-68,70-73,76-80,82-84,86-87,94-98,103-109,113-120,123-130,137-145,148,157-166,170-174,176,179-181,183-184,192-205,208,218-223,227,233-241,243-245,249-250,252,255,258-260,265-266,269,273,275-276,279-280,282,284-289,291,293,295,297-300,303-304,309-318,320,323-330,334-342,349-351,358-362,365-367,371-373,379-381,383-385,387-389,391-393,405-410,431-435,437-441,444-446,448-451,453,455-457,459-463,465-469,472-479	82.0.0,82.0.1,124.0.0,124.0.1,164.0.0,164.0.1,170.0.0,170.0.1,179.0.0,179.0.1,208.0.0,244.0.0,249.0.0,249.0.1,258.0.0,258.0.1,280.0.1,291.0.1,313.0.0,313.0.1,350.0.0,350.0.1
crates/rig-core/src/vector_store/lsh.rs	b39cdaa83c0e6855	67/76	6/8	15-17,38-40,42-43,45-47,49-53,56,59-64,68-70,72-77,79-83,85-87,90-91,105-107,109-110,113-118,120,123,126,128-129,131-137,140-141	50.0.0,85.0.0,85.0.1,116.0.0,131.0.0,131.0.1
crates/rig-core/src/vector_store/mod.rs	3aa317fa065e3467	6/37	0/0	89-91,212-214	
crates/rig-core/src/vector_store/request.rs	b682267ef706e820	255/275	10/16	36-38,41-43,46-48,51-53,56-58,64-66,68-74,79-81,83,85-91,156-161,165-171,173-176,180-188,192-199,203-209,212-214,217-219,222-227,229-236,238-242,244-252,254,257-259,262-264,271-274,277-279,282-284,288-290,292-294,297-299,318-320,331-333,336,338-344,346,352,354,380-382,385-387,390-392,395-397,400-402,419-421,423-424,427,431-433,435-440,442,452,457-458,461-464,467-469,472,475,477,479,483-495,497,510-517,525-527,529-535,538-545,548-551,554-557,562-569	168.0.0,168.0.1,282.0.0,462.0.0,462.0.1,464.0.1,485.0.0,485.0.1,494.0.0,495.0.1
crates/rig-core/src/wire.rs	8333d85460cb6800	236/252	6/6	71-81,84-87,90-93,96-99,102-105,109-112,128-130,143,146-157,202-208,214-217,232,248-254,258-260,332-343,347-350,353,355,358,360,364-369,371,376-383,409-414,417-424,427-429,432-435,439-443,447-448,450-451,453-458,486-495,501-507,509,512-515,518-521,524-527,530-533,536-539,582-586,588,611-616,618-622,626-631,635-639,660-662,693-697,720-723,764-766,781,783-785,788-789,792,794-801	377.0.0,377.0.1,447.0.0,447.0.1,450.0.0,450.0.1
crates/rig-core/src/wire/citation.rs	a3892bcb2733850a	15/15	0/0	20-22,42-49,52-55	
crates/rig-core/src/wire/document.rs	549cd7fdcd6d1beb	4/4	0/0	42,44-46	
crates/rig-core/src/wire/secret.rs	c3da239534c7fd1f	22/22	2/2	22-24,27-29,33-35,39-41,45-47,51-57	53.0.0,53.0.1
crates/rig-ecs/src/agent.rs	22cf4d1c47732315	0/126	0/6		
crates/rig-ecs/src/calls.rs	444b257e86b447ca	0/36	0/2		
crates/rig-ecs/src/commands.rs	46b9f5ec45d5438c	0/48	0/2		
crates/rig-ecs/src/compaction.rs	96d3958274273112	0/66	0/0		
crates/rig-ecs/src/effects.rs	df0117c0d2b29b50	0/99	0/2		
crates/rig-ecs/src/fs_journal.rs	2489d0cb9e59de40	0/88	0/10		
crates/rig-ecs/src/inbox.rs	bda51c99bfd3274a	0/200	0/24		
crates/rig-ecs/src/journal.rs	b4a3ef660ec504d3	0/463	0/106		
crates/rig-ecs/src/lib.rs	7b3a4c483110e0af	0/68	0/2		
crates/rig-ecs/src/models.rs	043d8239d0a70f3f	0/107	0/14		
crates/rig-ecs/src/prompt.rs	553fb5d8fa3f180f	0/41	0/8		
crates/rig-ecs/src/recovery.rs	aa6b7b4bccbb5f5e	0/11	0/0		
crates/rig-ecs/src/restore.rs	a08c4bb4026e6aa1	0/289	0/54		
crates/rig-ecs/src/runner.rs	959ad61c6162c241	0/31	0/12		
crates/rig-ecs/src/store.rs	20d788a6fe20d285	0/66	0/2		
crates/rig-ecs/src/subagents.rs	8f007599f884f8c3	0/402	0/50		
crates/rig-ecs/src/tools.rs	d8532aac3fda978c	0/147	0/14		
crates/rig-ecs/src/turn.rs	468fcdd6e5be5a66	0/987	0/150		
crates/rig-ecs/src/usage.rs	d812999a41045a66	0/86	0/14		
crates/rig-fastembed/src/lib.rs	9144207261e99ac4	0/69	0/0		
crates/rig-gemini-grpc/src/auth.rs	1ff9c3eff40b5896	0/9	0/0		
crates/rig-gemini-grpc/src/client.rs	8d5e5dfb70735902	4/47	0/0	72-74,92	
crates/rig-gemini-grpc/src/completion.rs	c4568744efa4b0a7	94/113	4/4	44-49,53-56,66-71,76-86,88-90,95-102,104-106,108-110,112-114,116-118,121-123,126-128,130-137,141-143,145-147,151-153,195-200,207-210,215-225	219.0.0,219.0.1,219.1.2,219.1.3
crates/rig-gemini-grpc/src/embedding.rs	48139d72327402ca	0/87	0/2		
crates/rig-gemini-grpc/src/extension.rs	8c4388cb52805f83	51/55	3/4	51-53,57-59,65-78,80-91,127-128,133,135-150	81.0.0,81.0.1,128.0.1
crates/rig-gemini-grpc/src/rest.rs	05b44f6f7538a64e	35/41	6/6	33-35,37,83-89,99-105,110-118,120-122,124,134-137	113.0.0,113.0.1,114.0.0,114.0.1,115.0.0,115.0.1
crates/rig-gemini-grpc/src/streaming.rs	995a7965a27a6f70	15/16	0/0	32,34-35,37-43,46-47,49-51	
crates/rig-gemini-grpc/src/streaming/document.rs	69e4b4597ed207d2	12/13	1/2	16-18,21,24-28,30-32	25.0.0
crates/rig-harness/src/attach.rs	1e9862162a25d561	0/58	0/0		
crates/rig-harness/src/builtin/commands.rs	e6f95dd301d16eac	0/266	0/0		
crates/rig-harness/src/builtin/login.rs	f4b24f1f94760484	0/212	0/0		
crates/rig-harness/src/builtin/tools.rs	a182d5d404c14239	0/18	0/0		
crates/rig-harness/src/host/compaction.rs	f2bc5ebc34ac7ed3	0/6	0/0		
crates/rig-harness/src/host/context.rs	5b6c0bc93b1dcd34	0/104	0/0		
crates/rig-harness/src/host/defaults.rs	60a73660cfb6c86b	0/51	0/0		
crates/rig-harness/src/host/headless/mod.rs	7e33dcc1fd88007b	0/19	0/0		
crates/rig-harness/src/host/headless/print.rs	ea62e9ef51827669	0/122	0/0		
crates/rig-harness/src/host/launcher.rs	0f6d5dff072e6088	0/100	0/0		
crates/rig-harness/src/host/reload.rs	21350be97e462a50	0/212	0/0		
crates/rig-harness/src/host/session.rs	14f19cbf928d4b51	0/36	0/0		
crates/rig-harness/src/host/sessions.rs	81819477824c83f5	0/248	0/0		
crates/rig-harness/src/host/signals.rs	4df4ee10e6e0c7b6	0/25	0/0		
crates/rig-harness/src/lib.rs	23d631991b002d55	0/37	0/0		
crates/rig-harness/src/tui/clipboard.rs	5b527a72566db07b	0/115	0/0		
crates/rig-harness/src/tui/complete.rs	9e4ba2b7acb59459	0/162	0/0		
crates/rig-harness/src/tui/diff.rs	78666f059b7cacf3	0/58	0/0		
crates/rig-harness/src/tui/editor.rs	77a558dc6a1bb3d5	0/314	0/0		
crates/rig-harness/src/tui/input.rs	46ae94bd36fdca1b	0/222	0/0		
crates/rig-harness/src/tui/markdown.rs	b457d56c22293bb9	0/282	0/0		
crates/rig-harness/src/tui/mod.rs	2c38394d44f7390e	0/45	0/0		
crates/rig-harness/src/tui/render.rs	cdf2d9a6f35838bf	0/438	0/0		
crates/rig-harness/src/tui/renderers.rs	2f8e5ba58e350960	0/247	0/0		
crates/rig-harness/src/tui/terminal.rs	3e0b6efdf86e4540	0/67	0/0		
crates/rig-harness/src/tui/transcript.rs	989b24d3d83c825c	0/201	0/0		
crates/rig-harness/src/tui/view.rs	9ca3a7d992d36151	0/89	0/0		
crates/rig-harness/src/tui/wrap.rs	b735cad6d702c54d	0/108	0/0		
crates/rig-harness/src/view.rs	837f0ca9aba637c4	0/18	0/0		
crates/rig-helixdb/src/lib.rs	051adaf6b65a1445	0/127	0/4		
crates/rig-http/src/http_client/erased.rs	f395a1998a0cca17	139/141	2/2	50-55,57-62,64-69,94-96,98-105,112-114,116-118,124-126,130-137,139-143,145-146,150-151,155-156,159-167,169-170,174-176,180-188,190-203,205-211,213-226,228-233,235-247,250-252,254-255	98.0.0,98.0.1
crates/rig-http/src/http_client/framing.rs	ff4de6b0578e3aaa	142/147	30/34	35-41,43-46,48-49,51,68-70,73,76-78,81,121-123,126-137,141-143,147-153,155-167,169-170,173-177,179-184,187-195,197-203,206,210-218,220,222-229,242-244,248-258,260-261,264-267,270-272,279-288,292	48.0.1,129.0.0,129.0.1,148.0.0,148.0.1,152.0.0,152.0.1,153.0.0,153.0.1,163.0.0,163.0.1,174.0.0,174.0.1,179.0.0,179.0.1,197.0.0,201.0.0,201.1.2,212.0.0,212.0.1,217.0.0,217.0.1,250.0.0,250.0.1,253.0.0,253.0.1,256.0.0,256.0.1,282.0.0,282.0.1
crates/rig-http/src/http_client/middleware.rs	48d7f747ab892313	17/26	0/0	35-42,50-58	
crates/rig-http/src/http_client/mod.rs	dedaa7fcf2da0862	28/41	0/0	60-63,65,69-72,74,78-84,107-110,112,123-125,146-148	
crates/rig-http/src/http_client/multipart.rs	26bf96502321a91d	100/114	4/4	35-42,45-52,55-58,61-64,67-69,88-90,102-104,107-110,113-115,118-128,130,139-141,145-147,150,152-157,160-161,163,165,171-173,175-178,180-182,184-189,191-195,197,199-201,204,207-209,211-212	184.0.0,184.0.1,191.0.0,191.0.1
crates/rig-http/src/wasm_compat.rs	1820a2f00b4f0a7d	11/17	0/0	140-143,146-151,153	
crates/rig-http/src/ws_client.rs	6323d23d5d968fbf	37/37	0/0	52-54,58-61,96-98,100-102,104-106,117-120,122-123,125-131,134-135,137,139-140,142-144	
crates/rig-lancedb/src/lib.rs	7c023a08147c2944	0/236	0/18		
crates/rig-lancedb/src/utils/deserializer.rs	c7be2a00344de214	165/250	3/6	21-27,29-33,37-38,42,51,53-62,130-133,147-148,151-152,159-164,166-170,173-179,181,183-185,200,202-211,213-215,221-222,246,249-251,253,258-263,265-266,268-275,278-282,284-290,293-295,297-301,305-309,311-319,322-328,331-346,350-351,355-361,364,366-370	253.0.0,338.0.0,351.0.0
crates/rig-lancedb/src/utils/mod.rs	86f5d935e5b4ab44	12/27	0/0	31-38,40-43	
crates/rig-memory/src/compaction.rs	d16c5dcf48945602	125/331	21/44	79-83,94-96,99-101,109-110,126-127,129-130,133,135-150,152-153,162-179,181-182,186-193,195-196,198-200,203-205,207-215,218,223-228,230,565-571,588-591,594-596,598-600,603-612,615-616,618-620,624-627	96.0.0,127.0.1,143.0.0,173.0.0,173.0.1,177.0.0,177.0.1,188.0.0,200.0.0,213.0.0,591.0.0,595.0.0,595.0.1,600.0.0,603.0.1,603.1.2,603.1.3,607.0.0,607.0.1,619.0.0,619.0.1
crates/rig-memory/src/lib.rs	3eda057fb2ce1b70	483/557	55/64	69-74,81-83,85-90,101-106,119-121,125-130,133-134,152-154,171-173,177-179,181-187,189-191,201-204,206-217,220,222-223,244-246,253-255,259-261,286-292,294,296-301,308,312-314,318,320-327,333-334,340,344,346-347,349-352,361,366-368,372-376,378-379,397-399,401-405,418-420,422-427,429-435,438-439,463-465,488-496,498-504,506-511,571-573,579-583,588-590,616-622,624-633,651-658,669-676,680-683,687-690,692-695,697-698,700-708,712-713,721-722,724,728-737,749-757,759-762,764-768,778-780,784-786,800-811,815-817,821-824,826-827,878-885,896-903,907-910,914-927,929-942,948-951,958-959,961,970-973,977-983,985-987,992,994-996,1007-1009,1011-1016,1018,1020,1049-1051,1055-1060,1071-1073,1075,1077-1078,1098-1100,1109-1111,1117-1136,1138-1145,1155,1157,1160-1161,1163-1167,1170-1171,1174-1175,1178-1183,1190,1193-1195,1197-1199,1201,1203,1205-1208,1211,1215,1218,1220,1223-1229,1231-1232	185.0.0,185.0.1,211.0.0,211.0.1,291.0.0,291.0.1,291.1.2,291.1.3,431.0.0,431.0.1,682.0.0,682.0.1,683.0.0,683.0.1,689.0.0,689.0.1,697.0.0,697.0.1,712.0.0,712.0.1,729.0.0,729.0.1,756.0.0,756.0.1,759.0.0,759.0.1,822.0.0,822.0.1,909.0.0,909.0.1,910.0.0,910.0.1,916.0.0,916.0.1,926.0.0,926.0.1,961.0.0,1072.0.0,1072.0.1,1127.0.0,1127.0.1,1133.0.0,1138.0.0,1138.0.1,1139.0.0,1139.0.1,1157.0.0,1161.0.1,1167.0.0,1171.0.0,1171.1.3,1175.0.0,1215.0.1,1226.0.0,1226.0.1
crates/rig-milvus/src/filter.rs	49ef15bc1f5bca4f	0/125	0/0		
crates/rig-milvus/src/lib.rs	effd0a8a720952e0	0/131	0/10		
crates/rig-mongodb/src/lib.rs	4ce898ff7fc5c0a2	0/233	0/4		
crates/rig-neo4j/src/lib.rs	47c38bd047e8071f	0/223	0/12		
crates/rig-neo4j/src/vector_index.rs	541ef6ada19c1939	15/147	0/2	57-64,82-85,248-250	
crates/rig-postgres/src/lib.rs	117f1de893009251	88/240	8/24	46-53,55,62-63,65,70,72,91-93,103-105,107-109,117-120,122-125,127-129,137-145,147-149,155-162,166-173,315-321,324-325,327-331,333-338,340-341,343,346,359-360	321.0.0,321.0.1,327.0.0,327.0.1,333.0.0,333.0.1,340.0.0,340.0.1
crates/rig-qdrant/src/filter.rs	1d5ea7e9a3a95e60	9/242	0/54	20-21,23-29	
crates/rig-qdrant/src/lib.rs	4227eb5170466927	0/128	0/0		
crates/rig-reqwest/src/lib.rs	dcbd8e43d920e85c	228/274	12/14	45-47,62-65,68,72,81,87-90,92,96-98,102,106-108,111-113,151-153,185-187,191-194,196-197,216-224,227-234,236-239,241-244,246-249,251,253-255,260-264,269-273,276-278,280-283,297-298,300-309,316,318-320,322,327-328,345-347,351-362,371-373,381-386,390-392,396-402,404-406,408-415,417-421,423-424,426-432,434,436-442,444-445,447-453,455-459,461-462,468-474,476-477,503-509,511-513,515,517-522,524-525,528,530-535,537-539,541	192.0.0,192.0.1,232.0.0,232.0.1,237.0.0,260.0.0,270.0.0,270.0.1,308.0.0,308.0.1,318.0.0,318.0.1
crates/rig-reqwest/src/runtime.rs	7dfe99f782a5f03b	35/35	0/0	17-24,33-39,41,43-53,55-62	
crates/rig-rmcp/src/handler.rs	865943ad41af6604	128/146	14/20	75-85,99-102,105-113,115-117,119-125,128-129,131-140,142,145-146,151-154,159-162,167-169,171-175,177-178,180,182-186,188-189,191,193-195,198-201,203-213,226-234,236-239,241-242,249-251,253-257,259,262,266-271,276-277,280	129.0.1,146.0.0,153.0.0,173.0.0,173.0.1,184.0.0,184.0.1,195.0.1,205.0.0,205.0.1,257.0.1,268.0.0,268.0.1,276.0.0
crates/rig-rmcp/src/native.rs	fd2e0802864c172f	255/278	21/26	105-114,122-125,128-130,149-150,152-155,158,164-175,177,179-190,192-193,196,198-206,208-214,222,225-228,230-231,234,239-251,254-255,257-262,270-275,277,280-281,284-291,293-294,296-297,300-305,308-312,314-315,318-323,329,331-342,344,348,350-353,355-360,365,371,374-378,380-384,386,388,391,393-400,404-412,414-415,425,447-455,460-472,485-515,517,519-520,522-523	168.0.0,168.0.1,206.0.1,222.0.0,381.0.0,381.0.1,384.0.0,384.0.1,393.0.0,393.0.1,404.0.0,404.0.1,405.0.0,405.0.1,414.0.0,464.0.0,464.0.1,467.0.0,467.0.1,510.0.0,510.0.1
crates/rig-s3vectors/src/lib.rs	3523ac57752f3e4e	80/239	3/12	43-45,47-49,55-60,62-67,71-73,76-79,81,84-86,89-91,95-97,103-106,108-111,114-120,122-124,269-270,273-274,276,278-279,284-285,292,295-296,298-301,305-306,309-315,317,320	274.0.1,276.0.1,278.0.0
crates/rig-scylladb/src/lib.rs	8342372fce9a1b43	27/289	0/18	125-127,129-131,135-137,139-141,143-145,147-150,157-160,162-165	
crates/rig-sqlite/src/lib.rs	5ff04336eef4b8f0	998/1202	89/130	55-61,70-73,140-144,146,148-149,151,153-154,156,209-214,216-222,229,231-236,238,240-242,251,265-266,268-272,274-275,277-279,281-283,285,287,296-304,311-317,319-326,328,330-333,335,344,363-368,370,372-381,383-385,387-388,390,394-395,403-405,407,409,422-424,433-454,456,458-464,467,469,474-480,483-485,487,489-490,493-504,506,508-512,514,516-519,521,527-528,536-538,546,549-555,557-562,564-581,583-584,586-587,590-594,596-597,599-608,610-615,617-618,620,622-624,626,629-630,633-635,637,639-643,645-648,654-660,664-665,667-671,673-677,679-683,735-739,781-785,787-788,790,792-794,796,801,811-814,816,826-831,833-836,838-840,857-865,867-875,877-881,887-889,891-893,895-897,899-903,905-909,919-923,930-932,934-935,937-944,947-950,962-965,971-974,978-983,987-995,999-1003,1006-1010,1012,1014,1016-1030,1032-1038,1040-1043,1045-1046,1053,1057,1060-1064,1066,1071,1073,1075,1077-1083,1086-1087,1090,1092-1098,1103-1105,1107-1113,1116-1119,1121-1128,1132,1134,1137-1143,1145-1146,1148-1150,1154-1156,1158-1161,1163,1165-1170,1174-1175,1177-1182,1184-1185,1188-1189,1191,1193,1195-1200,1203-1204,1206,1208-1216,1219-1224,1231-1235,1238-1239,1247-1248,1250,1252,1254,1257,1260,1288,1290-1291,1311,1313-1319,1321-1327,1329-1332,1334-1339,1341-1344,1346-1347,1349,1351-1353,1355,1357-1358,1360,1362,1364-1370,1372,1374-1375,1377-1378,1381-1382,1384-1385,1387,1389-1392,1394,1396,1417,1527-1535,1547-1560,1562-1573,1575-1597,1599-1606,1609-1610,1612-1615,1617,1619,1621-1627,1629-1631,1633-1634,1637-1638,1646-1651,1653-1664,1666-1667,1669-1673,1680,1682-1691,1696-1697,1699,1701-1702,1704,1706-1711,1715,1724-1725,1727-1728,1730-1734,1736-1740,1743-1748,1751-1761,1763-1767,1769-1784,1786-1792,1796-1797,1799-1806,1814,1816-1822,1824-1825,1827-1832,1834-1840,1842-1845,1847-1852,1854-1855,1857,1862,1864,1866,1869,1876-1878,1882,1884-1886,1888-1890,1911,1916-1924,1926,1928-1932,1938-1942,1944-1949,1951-1952,1954-1956,1958-1968,1976-1978,1980-1984,1988,1990,1992-1993,1995-1996,1998-1999,2001-2003,2009-2015,2020-2021,2023,2025,2027	268.0.0,268.0.1,270.0.0,270.0.1,271.0.0,271.0.1,272.0.0,272.0.1,275.0.1,275.1.3,277.0.1,278.0.0,278.0.1,279.0.1,282.0.0,282.0.1,368.0.1,390.0.0,390.0.1,395.0.0,395.0.1,460.0.0,460.0.1,475.0.0,475.0.1,528.0.1,538.0.1,604.0.0,604.0.1,993.0.0,993.0.1,999.0.0,999.0.1,1046.0.0,1053.0.1,1118.0.1,1141.0.0,1141.0.1,1150.0.0,1154.0.1,1154.1.2,1155.0.1,1161.0.1,1161.1.2,1167.0.1,1167.1.2,1167.1.3,1222.0.0,1222.0.1,1224.0.1,1291.0.1,1313.0.0,1313.0.1,1321.0.0,1321.0.1,1341.0.0,1341.0.1,1342.0.0,1342.0.1,1360.0.1,1365.0.0,1365.0.1,1367.0.0,1367.0.1,1369.0.0,1369.0.1,1385.0.1,1389.0.0,1392.0.1,1612.0.0,1612.0.1,1614.0.0,1614.0.1,1654.0.0,1654.0.1,1662.0.0,1662.0.1,1683.0.0,1683.0.1,1696.0.0,1696.0.1,1701.0.0,1701.0.1,1724.0.0,1724.0.1,1854.0.0,1854.0.1,1924.0.1,1988.0.1
crates/rig-steel/src/harness.rs	490c1dd8483c36cf	0/277	0/0		
crates/rig-steel/src/lib.rs	b7e7f99bb218c204	0/174	0/0		
crates/rig-steel/src/program.rs	f7f6e596c69c383e	0/278	0/0		
crates/rig-surrealdb/src/lib.rs	597ff4ff8caf402e	26/178	0/4	154-156,160-162,168-170,259-264,266-269,271,277-282	
crates/rig-tools/src/blocking.rs	e667996c643c5614	0/14	0/0		
crates/rig-tools/src/context.rs	b89e5003ef731543	0/70	0/0		
crates/rig-tools/src/edit.rs	7cec4ca2bae2a34e	0/304	0/0		
crates/rig-tools/src/fs.rs	a8041b184af1a500	0/94	0/0		
crates/rig-tools/src/lib.rs	ee6f386305540342	0/11	0/0		
crates/rig-tools/src/process.rs	3df412dd4d876c10	13/18	1/4	11-12,19,28,33-35,43-44,47-49,51	44.0.0
crates/rig-tools/src/read.rs	a08ed92904254cbe	0/47	0/0		
crates/rig-tools/src/search.rs	b0422eee6995aa17	0/62	0/0		
crates/rig-tools/src/shell.rs	e0ae73e99b7f7670	100/156	11/22	121-130,133-145,148-149,152-171,184,193-201,214-215,237-240,242-244,248-249,251,253-255,272-276,279-280,285-286,288,291,294,298-301,303,308,310-314,316-322	161.0.0,161.0.1,167.0.1,168.0.1,169.0.1,193.0.1,193.1.2,249.0.1,276.0.1,304.0.1,314.0.1
crates/rig-tools/src/write.rs	1da78848f184dd89	0/26	0/0		
crates/rig-tungstenite/src/connection.rs	3e82146626c166e2	118/138	10/16	25-27,31-38,40-41,43,46-47,50,54-55,97,100-103,106-109,115,121-122,124,127,131-138,143,149-150,153-159,163-169,171-173,177,183,186-192,195-207,211-213,215-217,219-221,224-230,232,236-246,248,250-255	107.0.0,107.0.1,107.1.3,115.0.1,127.0.1,127.1.3,136.0.0,149.0.0,149.0.1,169.0.1
crates/rig-tungstenite/src/lib.rs	eea2fa8710dc87d9	56/57	6/6	60-62,67-72,75-82,84-86,92-103,112-121,123-124,127-128,131,137-139,142-145,147-148	75.0.0,75.0.1,123.0.0,123.0.1,138.0.0,138.0.1
crates/rig-tungstenite/src/runtime.rs	df23ed3d4ef92406	33/33	0/0	15-22,29-31,37-39,49,51-52,56-58,64-70,74-77,80,82	
crates/rig-typesafeai/src/decode.rs	de52c08dc2fd085c	42/48	3/6	15,17-20,24-28,30-35,37,40-43,46,48-52,57-66,68,72-73,76-77	16.0.0,47.0.0,73.0.0
crates/rig-typesafeai/src/dynamic.rs	7caf10167db8f635	22/25	3/4	15-20,22-23,28-29,33-44	16.0.0,16.0.1,29.0.1
crates/rig-typesafeai/src/lib.rs	07b28c7f89507466	25/25	2/2	65-78,80-85,87-90,92	81.0.0,81.0.1
crates/rig-typesafeai/src/questions.rs	f4db955f764dfce5	375/415	55/68	106-109,111-112,116-122,124-131,133-135,137-139,141,147-153,156-164,167-172,175-178,181-193,203-206,208-209,212-218,220-225,227-228,233-241,243-247,249-253,255-257,259,269-272,274-275,278-284,286-292,294-295,297,301,303-304,306,308-315,317-318,366-368,371-372,374,380-382,384-388,391-394,396-400,410,412-415,444,446-449,451,454-473,489-491,496-498,503-504,508-513,516-522,526-528,533-535,544-550,553-555,558-560,563-565,568-570,572-573,575-582,586-587,589-594,598-599,601-605,607-612,614,617-618,620-636,641-643,645,647-655,657,659-661,664-671,674,678,681,683-686,689-701,705-706,709-714,719-722,724,726-730,732,734-736,739-740,742-748	127.0.0,127.0.1,133.0.0,133.0.1,177.0.0,177.0.1,189.0.0,189.0.1,222.0.0,222.0.1,233.0.0,233.0.1,243.0.1,243.1.2,243.1.3,249.0.0,249.0.1,290.0.0,290.0.1,504.0.1,576.0.1,576.1.2,576.1.3,590.0.0,590.0.1,602.0.0,602.0.1,603.0.1,604.0.0,604.0.1,605.0.1,621.0.0,621.0.1,621.1.2,621.1.3,642.0.0,642.0.1,647.0.0,647.0.1,664.0.0,664.0.1,664.1.3,674.0.1,694.0.0,694.0.1,694.1.3,701.0.1,701.1.3,701.2.5,719.0.0,719.0.1,726.0.0,726.0.1,744.0.0,744.0.1
crates/rig-typesafeai/src/validation.rs	3e5a03b8ce54cf34	38/38	8/8	9-12,19-30,32-33,35-42,44-55	24.0.0,24.0.1,25.0.0,25.0.1,25.1.2,25.1.3,47.0.0,47.0.1
crates/rig-typesafeai/src/wire.rs	d42ac9ee28033fdf	60/88	4/6	28-35,52-58,73-76,79-82,85-90,137-139,150-158,165-180,182-184	154.0.0,154.0.1,154.1.2,154.1.3
crates/rig-vectorize/src/client/filter.rs	1832d9c3c3d3c17b	53/60	3/6	19-21,24-26,34-36,42-44,46-48,50-52,56-58,62-65,68-69,74-77,82-84,87-89,92-94,97-99,102-104,108-110,112-114,117	62.0.0,109.0.0,110.0.0
crates/rig-vectorize/src/client/mod.rs	1421aef4f1f7de7a	13/52	2/2	33-34,36-37,43-45,47-48,50,52-54	36.0.0,36.0.1
crates/rig-vectorize/src/lib.rs	1b68b8ca46432f5c	0/92	0/4		
crates/rig-vertexai/src/auth.rs	8809d368797886e0	7/16	2/4	13-17,21,35	16.0.0,16.0.1
crates/rig-vertexai/src/client.rs	4cff1a4676de311a	76/88	2/2	54-61,66-69,75-78,84-87,117-123,130-134,136-139,141-146,149-150,154-159,193-195,228-230,232-234,240-242,244-256,258	143.0.0,143.0.1
crates/rig-vertexai/src/completion.rs	7c6eedbfb2a3f807	168/168	17/22	39-44,48-51,63-68,74-92,94-96,103-114,116,123-130,132,134-153,155-157,159-161,164,168-175,177-179,181-183,185-187,189-191,194-196,200-202,204-211,215-217,219-221,225-227,232-237,239-240,243-247,249-253,255-256,263-264,266,268-269,274-278,281-288	108.0.0,108.0.1,109.0.0,110.0.0,110.0.1,111.0.0,128.0.0,128.0.1,134.0.0,134.0.1,148.0.0,281.0.0,281.0.1,282.0.0,282.0.1,282.1.3,282.2.5
crates/rig-vertexai/src/extension.rs	d184d195fa5c7ec9	139/146	2/4	45-47,65-67,70-73,76-79,82-85,88-91,95-100,104-107,111-118,123-125,128-130,134-136,140-142,146-148,151-153,157-159,163-168,172-174,229-234,236-237,240-241,269-270,272,274,291-297,300-303,307-312,314-315,333-335,339-342,345-348,392-393,398,400-402,404-421,423	311.0.0,393.0.1
crates/rig-vertexai/src/types/completion_response.rs	0e2df034a37feba4	94/99	12/14	24,27-30,32-34,47-52,54-61,63-65,72-75,78-82,84-85,88-103,107,111-126,128-139,142-149,152-156	75.0.0,93.0.0,93.0.1,98.0.0,98.0.1,106.0.1,112.0.0,112.0.1,133.0.0,133.0.1,153.0.0,153.0.1
src/harness_protocol.rs	e861c2e3e10d4c78	0/210	0/26		
src/launcher/build.rs	7f5cc027e26b1872	0/275	0/54		
src/launcher/config.rs	db04ce7bcddb3af6	0/181	0/64		
src/launcher/home.rs	226393247e0c31d2	0/42	0/6		
src/launcher/project.rs	7980a17363a3431c	0/138	0/26		
src/launcher/run.rs	553c11ef9b8bbd1c	0/257	0/70		
src/main.rs	13133b1973aa239b	0/40	0/12		
